R,,    20 .snow2.RR
R,,     9 .multicore3.RR
R,,    15 .multicore2.RR
R,,    10 .multicore1.RR
R,,    25 .RSeed.R
R,,    36 .Master.R
R,,    41 .snow1.RR
R,,   340 .clusterApply.R
R,,   379 .snowSOCK.R
R,,    60 .pvec.R
R,,   116 .mcparallel.R
R,,    79 .mcmapply.R
R,,    89 .forkCluster.R
R,,   177 .mcfork.R
R,,   247 .mclapply.R
R,,    76 .worker.R
R,,   279 .snow.R
R,,   102 .RngStream.R
R,,    38 .zzz.R
R,,    73 .detectCores.R
R,,    20 .forkCluster.R
R,,    55 .mcdummies.R
R,,    51 .Rd2HTML.R
R,,    34 .QC.R
R,,     4 .undoc.R
R,,    21 .Rd.R
R,,     9 .S3.R
R,,   980 .Rd2HTML.R
R,,   815 .urltools.R
R,,  2461 .utils.R
R,,   159 .citation.R
R,,   250 .index.R
R,,   843 .testing.R
R,,   669 .Rd2latex.R
R,,  1200 .build.R
R,,   117 .assertCondition.R
R,,   265 .doitools.R
R,,  3037 .install.R
R,,   237 .parseRd.R
R,,  9685 .QC.R
R,,   709 .dynamicHelp.R
R,,  1093 .sotools.R
R,,   399 .toHTML.R
R,,   997 .Rd2txt.R
R,,   963 .Rd2pdf.R
R,,    76 .md5.R
R,,   908 .license.R
R,,   339 .xgettext.R
R,,   537 .packages.R
R,,   179 .Rd2ex.R
R,,    42 .tools-deprecated.R
R,,   240 .parseLatex.R
R,,   354 .makeLazyLoad.R
R,,   128 .logging.R
R,,   272 .encodings.R
R,,   352 .update_packages.R
R,,   133 .RdHelpers.R
R,,   775 .CRANtools.R
R,,  1397 .Vignettes.R
R,,   137 .Rprof.R
R,,  1216 .checktools.R
R,,   943 .Rd.R
R,,    71 .userdir.R
R,,  1030 .RdConv2.R
R,,   425 .bibstyle.R
R,,  6744 .check.R
R,,    55 .zzz.R
R,,   175 .Rdtools.R
R,,    17 .sysdata.R
R,,    62 .Sweavetools.R
R,,   147 .recode.R
R,,    81 .read.00Index.R
R,,  1152 .admin.R
R,,    68 .tools-defunct.R
R,,   865 .news.R
R,,   325 .translations.R
R,,   530 .basicRefClass.R
R,,    83 .testGroupGeneric.R
R,,    35 .duplicateClass.R
R,,    61 .testIs.R
R,,    38 .testConditionalIs.R
R,,    20 .nextWithDots.R
R,,    30 .fieldAssignments.R
R,,    18 .envRefClass.R
R,,    29 .S3.R
R,,    51 .refClassExample.R
R,,    18 .namesAndSlots.R
R,,    86 .mixinInitialize.R
R,,    75 .debug.R
R,,    74 .fixPrevious.R
R,,    64 .method.skeleton.R
R,,   412 .ClassExtensions.R
R,,   170 .NextMethod.R
R,,   452 .as.R
R,,    35 .substituteDirect.R
R,,    64 .Defunct.R
R,,    35 .methods-defunct.R
R,,  1396 .refClass.R
R,,    79 .ClassUnion.R
R,,   128 .cbind.R
R,,  1015 .SClasses.R
R,,   171 .show.R
R,,   970 .trace.R
R,,   307 .is.R
R,,   114 .languageEl.R
R,,    26 .methods-deprecated.R
R,,   158 .BasicFunsList.R
R,,   941 .MethodsList.R
R,,  1956 .RMethodUtils.R
R,,   114 .rbind.R
R,,   154 .zzz.R
R,,   147 .addedFunctions.R
R,,   649 .BasicClasses.R
R,,   281 .makeBasicFunsList.R
R,,   380 .promptClass.R
R,,  2499 .RClassUtils.R
R,,    96 .packageName.R
R,,  1705 .Methods.R
R,,   326 .oldClass.R
R,,  1655 .methodsTable.R
R,,   442 .MethodsListClass.R
R,,     4 .airmiles.R
R,,    12 .lynx.R
R,,    12 .UKgas.R
R,,     5 .sleep.R
R,,     7 .PlantGrowth.R
R,,    80 .Harman74.cor.R
R,,    28 .BJsales.R
R,,    44 .Loblolly.R
R,,    22 .longley.R
R,,     9 .presidents.R
R,,    67 .DNase.R
R,,    19 .UCBAdmissions.R
R,,     5 .BOD.R
R,,    15 .OrchardSprays.R
R,,    12 .HairEyeColor.R
R,,    51 .USJudgeRatings.R
R,,    16 .attitude.R
R,,    38 .LifeCycleSavings.R
R,,  3181 .sunspot.month.R
R,,    17 .Puromycin.R
R,,    26 .UKLungDeaths.R
R,,     4 .uspop.R
R,,    15 .occupationalStatus.R
R,,    80 .attenu.R
R,,   164 .Seatbelts.R
R,,     9 .trees.R
R,,    14 .austres.R
R,,    74 .beavers.R
R,,   155 .randu.R
R,,    45 .iris.R
R,,    32 .mtcars.R
R,,    13 .ToothGrowth.R
R,,    43 .iris3.R
R,,    12 .chickwts.R
R,,   291 .sunspot.year.R
R,,     9 .USAccDeaths.R
R,,  1864 .EuStockMarkets.R
R,,    20 .precip.R
R,,    11 .anscombe.R
R,,    61 .co2.R
R,,     9 .JohnsonJohnson.R
R,,    13 .Harman23.cor.R
R,,    14 .LakeHuron.R
R,,    32 .Indometh.R
R,,    10 .ability.cov.R
R,,    11 .rivers.R
R,,   352 .volcano.R
R,,     5 .VADeaths.R
R,,     8 .WWWusage.R
R,,     3 .Formaldehyde.R
R,,    72 .Theoph.R
R,,    16 .Titanic.R
R,,     9 .stackloss.R
R,,     6 .euro.R
R,,    34 .esoph.R
R,,     8 .WorldPhones.R
R,,    20 .UKDriverDeaths.R
R,,     4 .women.R
R,,   162 .ChickWeight.R
R,,    85 .infert.R
R,,   111 .state.R
R,,     9 .Nile.R
R,,    13 .AirPassengers.R
R,,     5 .lh.R
R,,    22 .eurodist.R
R,,     7 .nhtemp.R
R,,    71 .freeny.R
R,,     7 .cars.R
R,,     6 .USPersonalExpenditure.R
R,,    13 .islands.R
R,,     5 .pressure.R
R,,    24 .nottem.R
R,,  7983 .treering.R
R,,    10 .InsectSprays.R
R,,     6 .discoveries.R
R,,   250 .sunspots.R
R,,    41 .faithful.R
R,,    11 .warpbreaks.R
R,,    24 .Orange.R
R,,    89 .tkttest.R
R,,   104 .tkdensity.R
R,,   151 .tkcanvas.R
R,,    32 .tkfaq.R
R,,    51 .tcltk-defunct.R
R,,    40 .tclsearch.R
R,,   221 .utils.R
R,,   151 .tkGUI.R
R,,   631 .Tk.R
R,,    20 .zzzstub.R
R,,    87 .zzz.R
R,,    80 .tclarray.R
R,,    62 .zzz.R
R,,    25 .Tk-frontend.R
R,,    37 .completion.R
R,,    84 .Sweave-tst.R
R,,    98 .charclass.R
R,,   176 .download.file.R
R,,   278 .edit.R
R,,   189 .sourceutils.R
R,,   141 .linkhtml.R
R,,    44 .askYesNo.R
R,,   127 .progressBar.R
R,,    76 .modifyList.R
R,,    49 .page.R
R,,  1392 .completion.R
R,,   196 .packageStatus.R
R,,   193 .de.R
R,,   187 .head.R
R,,   156 .relist.R
R,,   811 .SweaveDrivers.R
R,,    19 .charClass.R
R,,   106 .example.R
R,,  1623 .citation.R
R,,   289 .help.R
R,,    64 .sock.R
R,,   179 .write.table.R
R,,   187 .question.R
R,,   632 .Sweave.R
R,,    99 .help.start.R
R,,   137 .vignette.R
R,,    21 .hasName.R
R,,    20 .alarm.R
R,,    74 .read.fortran.R
R,,    49 .capture.output.R
R,,   122 .demo.R
R,,    74 .object.size.R
R,,   579 .tar.R
R,,    18 .utils-deprecated.R
R,,    39 .glob2rx.R
R,,  1152 .packages.R
R,,   242 .data.R
R,,    81 .frametools.R
R,,   872 .help.search.R
R,,   140 .help.request.R
R,,   991 .packages2.R
R,,   625 .objects.R
R,,   292 .summRprof.R
R,,    94 .apropos.R
R,,   277 .read.DIF.R
R,,   235 .findLineNum.R
R,,    76 .widgets.R
R,,   154 .changedFiles.R
R,,   258 .sessionInfo.R
R,,   170 .RShowDoc.R
R,,    50 .history.R
R,,   137 .iconv.R
R,,   190 .mac.install.R
R,,   134 .create.post.R
R,,    29 .sysutils.R
R,,    89 .download.file.R
R,,    34 .Rprof.R
R,,   251 .indices.R
R,,   292 .package.skeleton.R
R,,    42 .utils-defunct.R
R,,    92 .read.fwf.R
R,,   100 .adist.R
R,,    27 .toLatex.R
R,,    50 .menu.R
R,,    67 .URLencode.R
R,,    24 .filetest.R
R,,   126 .zip.R
R,,    63 .mirrorAdmin.R
R,,    54 .zzz.R
R,,    93 .debugcall.R
R,,    56 .RSiteSearch.R
R,,    80 .format.R
R,,    48 .readhttp.R
R,,   148 .roman.R
R,,    64 .sysdata.R
R,,   124 .bug.report.R
R,,    86 .create.post.R
R,,   307 .install.packages.R
R,,    99 .winDialog.R
R,,   121 .sysutils.R
R,,    90 .download.file.R
R,,    21 .Rconsole.R
R,,    45 .choose.files.R
R,,   155 .debugger.R
R,,   236 .rtags.R
R,,   108 .browseVignettes.R
R,,   728 .str.R
R,,    34 .fix.R
R,,   205 .news.R
R,,  1266 .aspell.R
R,,    87 .strcapture.R
R,,   103 .combn.R
R,,   455 .prompt.R
R,,   269 .databrowser.R
R,,   323 .readtable.R
R,,    23 .confint.R
R,,    21 .BIC.R
R,,   435 .mle.R
R,,   116 .Common.R
R,,    35 .sparse-tst.R
R,,   277 .spline-tst.R
R,,   213 .splines.R
R,,    22 .zzz.R
R,,   627 .splineClasses.R
R,,    63 .hclColors.R
R,,   108 .colors.R
R,,    84 .xfig-tests.R
R,,    34 .saved-recordPlot.R
R,,    39 .ps-tests.R
R,,    47 .convertColor-tests.R
R,,    49 .gevents.R
R,,   991 .postscript.R
R,,    57 .utils.R
R,,     4 .mask.R
R,,    77 .smooth2d.R
R,,    26 .pictex.R
R,,   112 .patterns.R
R,,   398 .device.R
R,,   264 .xyz.coords.R
R,,   343 .colorstuff.R
R,,   134 .cairo.R
R,,    20 .cm.R
R,,   169 .raster.R
R,,    77 .colorRamp.R
R,,   184 .quartz.R
R,,   113 .dev2bitmap.R
R,,   197 .png.R
R,,   252 .x11.R
R,,   119 .recordplot.R
R,,   152 .calc.R
R,,   265 .prettyDate.R
R,,   204 .hcl.colors.R
R,,    58 .zzz.R
R,,   377 .convertColor.R
R,,   307 .windows.R
R,,   114 .dev2bitmap.R
R,,   203 .png.R
R,,    22 .clippath.R
R,,    34 .Hershey.R
R,,   716 .Japanese.R
R,,   197 .plotmath.R
R,,    86 .persp.R
R,,   145 .graphics.R
R,,    37 .image.R
R,,   394 .Hershey.R
R,,   443 .plot.R
R,,    35 .lines.R
R,,   239 .barplot.R
R,,   210 .hist.R
R,,   327 .polygon.R
R,,    77 .pie.R
R,,   110 .axis.R
R,,    24 .box.R
R,,    68 .assocplot.R
R,,    28 .title.R
R,,   141 .cdplot.R
R,,    31 .arrows.R
R,,    37 .text.R
R,,   208 .stars.R
R,,   131 .dotchart.R
R,,    77 .symbols.R
R,,    39 .strwidth.R
R,,   108 .sunflowerplot.R
R,,   287 .legend.R
R,,   123 .stripchart.R
R,,    48 .grid.R
R,,    24 .mtext.R
R,,    66 .par.R
R,,   371 .datetime.R
R,,    44 .raster.R
R,,    29 .locator.R
R,,   316 .fourfoldplot.R
R,,    46 .rect.R
R,,    95 .layout.R
R,,    88 .smoothScatter.R
R,,    27 .segments.R
R,,   123 .matplot.R
R,,    67 .curve.R
R,,    38 .rug.R
R,,   355 .coplot.R
R,,    78 .persp.R
R,,   124 .plot.design.R
R,,    85 .contour.R
R,,    29 .stem.R
R,,   174 .pairs.R
R,,    58 .identify.R
R,,    32 .zzz.R
R,,   195 .spineplot.R
R,,   181 .screen.R
R,,    35 .points.R
R,,   108 .filled.contour.R
R,,   413 .mosaicplot.R
R,,    52 .abline.R
R,,   349 .boxplot.R
R,,    32 .units.R
R,,   149 .image.R
R,,   152 .assign.R
R,,    77 .srcref.R
R,,    96 .curexpr.R
R,,    90 .envir.R
R,,   121 .vischk.R
R,,    16 .jit.R
R,,    26 .loop.R
R,,    98 .switch.R
R,,   104 .basics.R
R,,    65 .const.R
R,,  3453 .cmp.R
R,,    50 .scoping.R
R,,    33 .error.catching.R
R,,   143 .is.things.R
R,,    82 .recursion.R
R,,   143 .baseloader.R
R,,   130 .makebasedb.R
R,,    19 .plot.R
R,,    55 .debug.R
R,,    30 .range.R
R,,    53 .autoload.R
R,,    24 .max.col.R
R,,   212 .dcf.R
R,,    43 .attr.R
R,,   124 .stop.R
R,,    58 .scale.R
R,,    35 .dump.R
R,,    51 .utils.R
R,,    21 .quit.R
R,,    30 .assign.R
R,,    56 .ifelse.R
R,,    76 .mapply.R
R,,    39 .pretty.R
R,,    82 .as.R
R,,    42 .match.fun.R
R,,    55 .time.R
R,,  1007 .library.R
R,,    32 .toString.R
R,,    27 .zapsmall.R
R,,    43 .structure.R
R,,    49 .rle.R
R,,    24 .replace.R
R,,   129 .octhex.R
R,,    32 .dput.R
R,,    83 .methodsSupport.R
R,,    50 .formals.R
R,,   148 .duplicated.R
R,,    39 .svd.R
R,,    34 .conflicts.R
R,,    81 .solve.R
R,,   177 .seq.R
R,,    67 .expand.grid.R
R,,   114 .warnings.R
R,,   412 .version.R
R,,   524 .all.equal.R
R,,   231 .attach.R
R,,    52 .TAOCP.R
R,,   298 .source.R
R,,   254 .qr.R
R,,    29 .utilities.R
R,,   212 .Defunct.R
R,,    73 .parse.R
R,,    80 .sapply.R
R,,    36 .chol.R
R,,    37 .license.R
R,,    72 .cut.R
R,,    53 .bindenv.R
R,,    32 .zdatetime.R
R,,   613 .grep.R
R,,    65 .interaction.R
R,,   196 .load.R
R,,    88 .frametools.R
R,,    32 .unlist.R
R,,    23 .environment.R
R,,    55 .zdynvars.R
R,,    22 .write.R
R,,    21 .rev.R
R,,    23 .allnames.R
R,,    30 .options.R
R,,   202 .character.R
R,,    29 .bitwise.R
R,,    77 .kronecker.R
R,,    47 .userhooks.R
R,,   134 .RNG.R
R,,    23 .eapply.R
R,,  1773 .namespace.R
R,,    52 .rank.R
R,,  1499 .datetime.R
R,,   186 .merge.R
R,,   178 .taskCallback.R
R,,    85 .message.R
R,,   148 .matrix.R
R,,    39 .lapply.R
R,,    35 .Scripts.R
R,,    81 .match.R
R,,    56 .mode.R
R,,    45 .sink.R
R,,    92 .eval.R
R,,    45 .sets.R
R,,   216 .dynload.R
R,,    30 .is.R
R,,    58 .tapply.R
R,,    41 .diff.R
R,,   136 .system.unix.R
R,,    23 .callCC.R
R,,    20 .builtins.R
R,,    23 .temp.R
R,,    36 .backsolve.R
R,,    32 .constants.R
R,,   261 .srcfile.R
R,,   152 .funprog.R
R,,   410 .factor.R
R,,   326 .table.R
R,,    79 .eigen.R
R,,    67 .backquote.R
R,,    33 .gl.R
R,,    50 .Deprecated.R
R,,   131 .print.R
R,,   104 .kappa.R
R,,    21 .replicate.R
R,,    48 .sys.R
R,,   495 .dates.R
R,,    29 .Bessel.R
R,,    51 .data.matrix.R
R,,    45 .raw.R
R,,    52 .which.R
R,,   152 .array.R
R,,    33 .paste.R
R,,    42 .mean.R
R,,    19 .withVisible.R
R,,    29 .aperm.R
R,,    66 .diag.R
R,,   229 .strwrap.R
R,,   435 .conditions.R
R,,   644 .zzz.R
R,,   255 .files.R
R,,    39 .vector.R
R,,    35 .identical.R
R,,    93 .serialize.R
R,,   452 .format.R
R,,    65 .outer.R
R,,    81 .traceback.R
R,,    40 .rowsum.R
R,,   104 .pmax.R
R,,   313 .sort.R
R,,   115 .apply.R
R,,   220 .system.R
R,,    43 .junctions.R
R,,    21 .delay.R
R,,    41 .jitter.R
R,,    57 .sweep.R
R,,    32 .cat.R
R,,    22 .pairlist.R
R,,    33 .rm.R
R,,   346 .connections.R
R,,   128 .lazyload.R
R,,    34 .contributors.R
R,,    37 .locales.R
R,,    54 .scan.R
R,,    49 .det.R
R,,    30 .findInt.R
R,,    30 .tabulate.R
R,,    62 .LAPACK.R
R,,    87 .split.R
R,,    19 .xor.R
R,,    54 .getenv.R
R,,   111 .colSums.R
R,,    26 .unname.R
R,,    28 .rep.R
R,,    46 .get.R
R,,  1737 .dataframe.R
R,,   334 .New-Internal.R
R,,   194 .summary.R
R,,    34 .labels.R
R,,    73 .by.R
R,,    36 .sample.R
R,,    27 .notyet.R
R,,    25 .append.R
R,,    39 .smooth.R
R,,   144 .lm.glm.R
R,,   110 .nlm.R
R,,    24 .glm.vr.R
R,,   116 .ks-test.R
R,,    10 .cmdscale.R
R,,    87 .simulate.R
R,,   265 .arimaML.R
R,,    30 .drop1-polr.R
R,,    27 .offsets.R
R,,   136 .nafns.R
R,,    20 .table-margins.R
R,,   106 .nlm.R
R,,   151 .ts-tests.R
R,,   188 .smooth.spline.R
R,,    82 .glm.R
R,,    19 .bandwidth.R
R,,   365 .nls.R
R,,    19 .glm-etc.R
R,,     6 .ppr.R
R,,    68 .ig_glm.R
R,,    12 .NLSstClosest.R
R,,   189 .addmargins.R
R,,    47 .mahalanobis.R
R,,    82 .diffinv.R
R,,    88 .cmdscale.R
R,,   170 .stepfun.R
R,,    44 .embed.R
R,,    63 .power.anova.test.R
R,,   168 .power.R
R,,   261 .fisher.test.R
R,,   932 .lm.R
R,,   135 .binom.test.R
R,,    95 .bartlett.test.R
R,,    35 .shapiro.test.R
R,,   133 .princomp.R
R,,    47 .fft.R
R,,   283 .nls-profile.R
R,,   114 .biplot.R
R,,   713 .aov.R
R,,   120 .dist.R
R,,   205 .cor.R
R,,    54 .cpgram.R
R,,   119 .xtabs.R
R,,    95 .kruskal.test.R
R,,    82 .medpolish.R
R,,    78 .integrate.R
R,,   223 .cor.test.R
R,,   100 .spline.R
R,,   173 .t.test.R
R,,    53 .expand.model.frame.R
R,,    68 .mcnemar.test.R
R,,   200 .StructTS.R
R,,    20 .predict.R
R,,   191 .nafns.R
R,,    50 .na.ts.R
R,,    77 .stats-defunct.R
R,,   258 .acf.R
R,,    19 .profile.R
R,,    79 .vcov.R
R,,   186 .contr.poly.R
R,,    26 .reorder.factor.R
R,,    63 .qqnorm.R
R,,   177 .contrast.R
R,,   890 .add.R
R,,    64 .cancor.R
R,,   177 .kmeans.R
R,,    55 .birthday.R
R,,   131 .quantile.R
R,,   381 .lm.influence.R
R,,   148 .ks.test.R
R,,   331 .distn.R
R,,    48 .deriv.R
R,,   139 .manova.R
R,,   125 .TukeyHSD.R
R,,    45 .weighted.mean.R
R,,    88 .smooth.R
R,,   348 .factanal.R
R,,   168 .stl.R
R,,    40 .relevel.R
R,,   246 .aggregate.R
R,,   582 .mlm.R
R,,    48 .Kalman.R
R,,   149 .pairwise.R
R,,    19 .complete.cases.R
R,,   109 .quade.test.R
R,,    69 .htest.R
R,,   139 .logLik.R
R,,   169 .nlm.R
R,,    29 .tukeyline.R
R,,   111 .identify.hclust.R
R,,    99 .ts-tests.R
R,,   204 .proj.R
R,,    39 .prop.trend.test.R
R,,    87 .interaction.plot.R
R,,   263 .reshape.R
R,,   110 .var.test.R
R,,   385 .spectrum.R
R,,   486 .wilcox.test.R
R,,    52 .cutree.R
R,,    80 .confint.R
R,,    79 .oneway.test.R
R,,   149 .runmed.R
R,,   228 .selfStart.R
R,,    33 .mad.R
R,,   163 .poisson.test.R
R,,    89 .optim.R
R,,    34 .qqplot.R
R,,    93 .princomp-add.R
R,,   191 .anova.R
R,,    49 .C.R
R,,    21 .sd.R
R,,   845 .ts.R
R,,   340 .plot.lm.R
R,,    93 .AIC.R
R,,   344 .arma0.R
R,,    96 .fligner.test.R
R,,   425 .ftable.R
R,,   204 .kernel.R
R,,   132 .isoreg.R
R,,   132 .loglin.R
R,,    10 .Pair.R
R,,    84 .ecdf.R
R,,   649 .family.R
R,,   422 .HoltWinters.R
R,,  1009 .dendrogram.R
R,,    38 .stats-deprecated.R
R,,   131 .lag.plot.R
R,,    34 .fivenum.R
R,,   890 .glm.R
R,,    33 .median.R
R,,   164 .prop.test.R
R,,    78 .ARMAtheory.R
R,,    37 .zzz.R
R,,    91 .mood.test.R
R,,   119 .symnum.R
R,,   928 .nls.R
R,,   138 .nlminb.R
R,,    91 .constrOptim.R
R,,   166 .prcomp.R
R,,   186 .density.R
R,,   231 .termplot.R
R,,   513 .model.tables.R
R,,   297 .dummy.coef.R
R,,    71 .predict.glm.R
R,,   105 .monthplot.R
R,,    28 .ave.R
R,,   814 .models.R
R,,   274 .hclust.R
R,,   545 .loess.R
R,,    31 .lag.R
R,,   147 .bandwidths.R
R,,   499 .zzModels.R
R,,    85 .p.adjust.R
R,,   193 .splinefun.R
R,,   223 .ppr.R
R,,   658 .ar.R
R,,    54 .update.R
R,,   152 .chisq.test.R
R,,    30 .r2dtable.R
R,,    99 .friedman.test.R
R,,    26 .lowess.R
R,,   417 .smspline.R
R,,    56 .cov.wt.R
R,,   501 .arima.R
R,,    62 .nlsFunc.R
R,,   292 .mantelhaen.test.R
R,,   315 .lsfit.R
R,,   266 .ansari.test.R
R,,    35 .ksmooth.R
R,,    83 .filter.R
R,,    23 .ppoints.R
R,,   155 .approx.R
R,,   433 .reg.R
R,,    72 .coords.R
R,,   493 .patterns.R
R,,    30 .bugs.R
R,,   280 .masks.R
R,,   158 .testls.R
R,,   368 .clippaths.R
R,,   180 .units.R
R,,    74 .edit.R
R,,   449 .debug.R
R,,   331 .coords.R
R,,   133 .size.R
R,,    60 .mask.R
R,,   110 .just.R
R,,    14 .metric.R
R,,    74 .origin.R
R,,  2280 .grob.R
R,,   242 .patterns.R
R,,   471 .viewport.R
R,,   248 .grab.R
R,,   539 .grid.R
R,,   162 .roundRect.R
R,,   810 .unit.R
R,,   336 .components.R
R,,   164 .layout.R
R,,   535 .curve.R
R,,   419 .highlevel.R
R,,    34 .interactive.R
R,,   887 .ls.R
R,,    47 .util.R
R,,    68 .zzz.R
R,,  1699 .primitives.R
R,,   285 .gpar.R
R,,    51 .clippath.R
R,,   103 .function.R
R,,   472 .frames.R
R,,    46 .windlgs.R
R,,     9 .rwver.R
R,,   383 .WiXins.R
R,,   165 .JRins.R
Fortran,,    78 .dpofa.f
Fortran,,   275 .dqrsl.f
Fortran,,    83 .dpbsl.f
Fortran,,   234 .dchdc.f
Fortran,,   195 .dpoco.f
Fortran,,   509 .dsvdc.f
Fortran,,   122 .dpodi.f
Fortran,,   161 .dtrco.f
Fortran,,   119 .dqrls.f
Fortran,,   200 .dqrdc2.f
Fortran,,   156 .dtrsl.f
Fortran,,   208 .dqrdc.f
Fortran,,    72 .dposl.f
Fortran,,    66 .dqrutl.f
Fortran,,   100 .dpbfa.f
Fortran,,   185 .bvalue.f
Fortran,,    66 .stxwx.f
Fortran,,    13 .bvalus.f
Fortran,,   143 .sslvrg.f
Fortran,,    68 .qsbart.f
Fortran,, 12730 .portsrc.f
Fortran,,   615 .stl.f
Fortran,,    98 .sinerp.f
Fortran,,   116 .lminfl.f
Fortran,,   141 .sgram.f
Fortran,,   446 .kmns.f
Fortran,,  1495 .ppr.f
Fortran,,   332 .hclust.f
Fortran,,   228 .bsplvd.f
Fortran,,    70 .eureka.f
Fortran,,  2063 .loessf.f
Fortran,,  8359 .cmplxblas.f
Fortran,,  7131 .blas.f
Fortran,,   108 .xxxpr.f
Fortran,,   189 .dlamch.f
Fortran,, 56056 .cmplx.f
Fortran,,    39 .vecLibg95f.f
Fortran,,166085 .dlapack.f
R,,    20 .snow2.RR
R,,     9 .multicore3.RR
R,,    15 .multicore2.RR
R,,    10 .multicore1.RR
R,,    25 .RSeed.R
R,,    36 .Master.R
R,,    41 .snow1.RR
R,,   340 .clusterApply.R
R,,   379 .snowSOCK.R
R,,    60 .pvec.R
R,,   116 .mcparallel.R
R,,    79 .mcmapply.R
R,,    89 .forkCluster.R
R,,   177 .mcfork.R
R,,   247 .mclapply.R
R,,    76 .worker.R
R,,   279 .snow.R
R,,   102 .RngStream.R
R,,    38 .zzz.R
R,,    73 .detectCores.R
R,,    20 .forkCluster.R
R,,    55 .mcdummies.R
R,,    51 .Rd2HTML.R
R,,    34 .QC.R
R,,     4 .undoc.R
R,,    21 .Rd.R
R,,     9 .S3.R
R,,   980 .Rd2HTML.R
R,,   815 .urltools.R
R,,  2461 .utils.R
R,,   159 .citation.R
R,,   250 .index.R
R,,   843 .testing.R
R,,   669 .Rd2latex.R
R,,  1200 .build.R
R,,   117 .assertCondition.R
R,,   265 .doitools.R
R,,  3037 .install.R
R,,   237 .parseRd.R
R,,  9685 .QC.R
R,,   709 .dynamicHelp.R
R,,  1093 .sotools.R
R,,   399 .toHTML.R
R,,   997 .Rd2txt.R
R,,   963 .Rd2pdf.R
R,,    76 .md5.R
R,,   908 .license.R
R,,   339 .xgettext.R
R,,   537 .packages.R
R,,   179 .Rd2ex.R
R,,    42 .tools-deprecated.R
R,,   240 .parseLatex.R
R,,   354 .makeLazyLoad.R
R,,   128 .logging.R
R,,   272 .encodings.R
R,,   352 .update_packages.R
R,,   133 .RdHelpers.R
R,,   775 .CRANtools.R
R,,  1397 .Vignettes.R
R,,   137 .Rprof.R
R,,  1216 .checktools.R
R,,   943 .Rd.R
R,,    71 .userdir.R
R,,  1030 .RdConv2.R
R,,   425 .bibstyle.R
R,,  6744 .check.R
R,,    55 .zzz.R
R,,   175 .Rdtools.R
R,,    17 .sysdata.R
R,,    62 .Sweavetools.R
R,,   147 .recode.R
R,,    81 .read.00Index.R
R,,  1152 .admin.R
R,,    68 .tools-defunct.R
R,,   865 .news.R
R,,   325 .translations.R
R,,   530 .basicRefClass.R
R,,    83 .testGroupGeneric.R
R,,    35 .duplicateClass.R
R,,    61 .testIs.R
R,,    38 .testConditionalIs.R
R,,    20 .nextWithDots.R
R,,    30 .fieldAssignments.R
R,,    18 .envRefClass.R
R,,    29 .S3.R
R,,    51 .refClassExample.R
R,,    18 .namesAndSlots.R
R,,    86 .mixinInitialize.R
R,,    75 .debug.R
R,,    74 .fixPrevious.R
R,,    64 .method.skeleton.R
R,,   412 .ClassExtensions.R
R,,   170 .NextMethod.R
R,,   452 .as.R
R,,    35 .substituteDirect.R
R,,    64 .Defunct.R
R,,    35 .methods-defunct.R
R,,  1396 .refClass.R
R,,    79 .ClassUnion.R
R,,   128 .cbind.R
R,,  1015 .SClasses.R
R,,   171 .show.R
R,,   970 .trace.R
R,,   307 .is.R
R,,   114 .languageEl.R
R,,    26 .methods-deprecated.R
R,,   158 .BasicFunsList.R
R,,   941 .MethodsList.R
R,,  1956 .RMethodUtils.R
R,,   114 .rbind.R
R,,   154 .zzz.R
R,,   147 .addedFunctions.R
R,,   649 .BasicClasses.R
R,,   281 .makeBasicFunsList.R
R,,   380 .promptClass.R
R,,  2499 .RClassUtils.R
R,,    96 .packageName.R
R,,  1705 .Methods.R
R,,   326 .oldClass.R
R,,  1655 .methodsTable.R
R,,   442 .MethodsListClass.R
R,,     4 .airmiles.R
R,,    12 .lynx.R
R,,    12 .UKgas.R
R,,     5 .sleep.R
R,,     7 .PlantGrowth.R
R,,    80 .Harman74.cor.R
R,,    28 .BJsales.R
R,,    44 .Loblolly.R
R,,    22 .longley.R
R,,     9 .presidents.R
R,,    67 .DNase.R
R,,    19 .UCBAdmissions.R
R,,     5 .BOD.R
R,,    15 .OrchardSprays.R
R,,    12 .HairEyeColor.R
R,,    51 .USJudgeRatings.R
R,,    16 .attitude.R
R,,    38 .LifeCycleSavings.R
R,,  3181 .sunspot.month.R
R,,    17 .Puromycin.R
R,,    26 .UKLungDeaths.R
R,,     4 .uspop.R
R,,    15 .occupationalStatus.R
R,,    80 .attenu.R
R,,   164 .Seatbelts.R
R,,     9 .trees.R
R,,    14 .austres.R
R,,    74 .beavers.R
R,,   155 .randu.R
R,,    45 .iris.R
R,,    32 .mtcars.R
R,,    13 .ToothGrowth.R
R,,    43 .iris3.R
R,,    12 .chickwts.R
R,,   291 .sunspot.year.R
R,,     9 .USAccDeaths.R
R,,  1864 .EuStockMarkets.R
R,,    20 .precip.R
R,,    11 .anscombe.R
R,,    61 .co2.R
R,,     9 .JohnsonJohnson.R
R,,    13 .Harman23.cor.R
R,,    14 .LakeHuron.R
R,,    32 .Indometh.R
R,,    10 .ability.cov.R
R,,    11 .rivers.R
R,,   352 .volcano.R
R,,     5 .VADeaths.R
R,,     8 .WWWusage.R
R,,     3 .Formaldehyde.R
R,,    72 .Theoph.R
R,,    16 .Titanic.R
R,,     9 .stackloss.R
R,,     6 .euro.R
R,,    34 .esoph.R
R,,     8 .WorldPhones.R
R,,    20 .UKDriverDeaths.R
R,,     4 .women.R
R,,   162 .ChickWeight.R
R,,    85 .infert.R
R,,   111 .state.R
R,,     9 .Nile.R
R,,    13 .AirPassengers.R
R,,     5 .lh.R
R,,    22 .eurodist.R
R,,     7 .nhtemp.R
R,,    71 .freeny.R
R,,     7 .cars.R
R,,     6 .USPersonalExpenditure.R
R,,    13 .islands.R
R,,     5 .pressure.R
R,,    24 .nottem.R
R,,  7983 .treering.R
R,,    10 .InsectSprays.R
R,,     6 .discoveries.R
R,,   250 .sunspots.R
R,,    41 .faithful.R
R,,    11 .warpbreaks.R
R,,    24 .Orange.R
R,,    89 .tkttest.R
R,,   104 .tkdensity.R
R,,   151 .tkcanvas.R
R,,    32 .tkfaq.R
R,,    51 .tcltk-defunct.R
R,,    40 .tclsearch.R
R,,   221 .utils.R
R,,   151 .tkGUI.R
R,,   631 .Tk.R
R,,    20 .zzzstub.R
R,,    87 .zzz.R
R,,    80 .tclarray.R
R,,    62 .zzz.R
R,,    25 .Tk-frontend.R
R,,    37 .completion.R
R,,    84 .Sweave-tst.R
R,,    98 .charclass.R
R,,   176 .download.file.R
R,,   278 .edit.R
R,,   189 .sourceutils.R
R,,   141 .linkhtml.R
R,,    44 .askYesNo.R
R,,   127 .progressBar.R
R,,    76 .modifyList.R
R,,    49 .page.R
R,,  1392 .completion.R
R,,   196 .packageStatus.R
R,,   193 .de.R
R,,   187 .head.R
R,,   156 .relist.R
R,,   811 .SweaveDrivers.R
R,,    19 .charClass.R
R,,   106 .example.R
R,,  1623 .citation.R
R,,   289 .help.R
R,,    64 .sock.R
R,,   179 .write.table.R
R,,   187 .question.R
R,,   632 .Sweave.R
R,,    99 .help.start.R
R,,   137 .vignette.R
R,,    21 .hasName.R
R,,    20 .alarm.R
R,,    74 .read.fortran.R
R,,    49 .capture.output.R
R,,   122 .demo.R
R,,    74 .object.size.R
R,,   579 .tar.R
R,,    18 .utils-deprecated.R
R,,    39 .glob2rx.R
R,,  1152 .packages.R
R,,   242 .data.R
R,,    81 .frametools.R
R,,   872 .help.search.R
R,,   140 .help.request.R
R,,   991 .packages2.R
R,,   625 .objects.R
R,,   292 .summRprof.R
R,,    94 .apropos.R
R,,   277 .read.DIF.R
R,,   235 .findLineNum.R
R,,    76 .widgets.R
R,,   154 .changedFiles.R
R,,   258 .sessionInfo.R
R,,   170 .RShowDoc.R
R,,    50 .history.R
R,,   137 .iconv.R
R,,   190 .mac.install.R
R,,   134 .create.post.R
R,,    29 .sysutils.R
R,,    89 .download.file.R
R,,    34 .Rprof.R
R,,   251 .indices.R
R,,   292 .package.skeleton.R
R,,    42 .utils-defunct.R
R,,    92 .read.fwf.R
R,,   100 .adist.R
R,,    27 .toLatex.R
R,,    50 .menu.R
R,,    67 .URLencode.R
R,,    24 .filetest.R
R,,   126 .zip.R
R,,    63 .mirrorAdmin.R
R,,    54 .zzz.R
R,,    93 .debugcall.R
R,,    56 .RSiteSearch.R
R,,    80 .format.R
R,,    48 .readhttp.R
R,,   148 .roman.R
R,,    64 .sysdata.R
R,,   124 .bug.report.R
R,,    86 .create.post.R
R,,   307 .install.packages.R
R,,    99 .winDialog.R
R,,   121 .sysutils.R
R,,    90 .download.file.R
R,,    21 .Rconsole.R
R,,    45 .choose.files.R
R,,   155 .debugger.R
R,,   236 .rtags.R
R,,   108 .browseVignettes.R
R,,   728 .str.R
R,,    34 .fix.R
R,,   205 .news.R
R,,  1266 .aspell.R
R,,    87 .strcapture.R
R,,   103 .combn.R
R,,   455 .prompt.R
R,,   269 .databrowser.R
R,,   323 .readtable.R
R,,    23 .confint.R
R,,    21 .BIC.R
R,,   435 .mle.R
R,,   116 .Common.R
R,,    35 .sparse-tst.R
R,,   277 .spline-tst.R
R,,   213 .splines.R
R,,    22 .zzz.R
R,,   627 .splineClasses.R
R,,    63 .hclColors.R
R,,   108 .colors.R
R,,    84 .xfig-tests.R
R,,    34 .saved-recordPlot.R
R,,    39 .ps-tests.R
R,,    47 .convertColor-tests.R
R,,    49 .gevents.R
R,,   991 .postscript.R
R,,    57 .utils.R
R,,     4 .mask.R
R,,    77 .smooth2d.R
R,,    26 .pictex.R
R,,   112 .patterns.R
R,,   398 .device.R
R,,   264 .xyz.coords.R
R,,   343 .colorstuff.R
R,,   134 .cairo.R
R,,    20 .cm.R
R,,   169 .raster.R
R,,    77 .colorRamp.R
R,,   184 .quartz.R
R,,   113 .dev2bitmap.R
R,,   197 .png.R
R,,   252 .x11.R
R,,   119 .recordplot.R
R,,   152 .calc.R
R,,   265 .prettyDate.R
R,,   204 .hcl.colors.R
R,,    58 .zzz.R
R,,   377 .convertColor.R
R,,   307 .windows.R
R,,   114 .dev2bitmap.R
R,,   203 .png.R
R,,    22 .clippath.R
R,,    34 .Hershey.R
R,,   716 .Japanese.R
R,,   197 .plotmath.R
R,,    86 .persp.R
R,,   145 .graphics.R
R,,    37 .image.R
R,,   394 .Hershey.R
R,,   443 .plot.R
R,,    35 .lines.R
R,,   239 .barplot.R
R,,   210 .hist.R
R,,   327 .polygon.R
R,,    77 .pie.R
R,,   110 .axis.R
R,,    24 .box.R
R,,    68 .assocplot.R
R,,    28 .title.R
R,,   141 .cdplot.R
R,,    31 .arrows.R
R,,    37 .text.R
R,,   208 .stars.R
R,,   131 .dotchart.R
R,,    77 .symbols.R
R,,    39 .strwidth.R
R,,   108 .sunflowerplot.R
R,,   287 .legend.R
R,,   123 .stripchart.R
R,,    48 .grid.R
R,,    24 .mtext.R
R,,    66 .par.R
R,,   371 .datetime.R
R,,    44 .raster.R
R,,    29 .locator.R
R,,   316 .fourfoldplot.R
R,,    46 .rect.R
R,,    95 .layout.R
R,,    88 .smoothScatter.R
R,,    27 .segments.R
R,,   123 .matplot.R
R,,    67 .curve.R
R,,    38 .rug.R
R,,   355 .coplot.R
R,,    78 .persp.R
R,,   124 .plot.design.R
R,,    85 .contour.R
R,,    29 .stem.R
R,,   174 .pairs.R
R,,    58 .identify.R
R,,    32 .zzz.R
R,,   195 .spineplot.R
R,,   181 .screen.R
R,,    35 .points.R
R,,   108 .filled.contour.R
R,,   413 .mosaicplot.R
R,,    52 .abline.R
R,,   349 .boxplot.R
R,,    32 .units.R
R,,   149 .image.R
R,,   152 .assign.R
R,,    77 .srcref.R
R,,    96 .curexpr.R
R,,    90 .envir.R
R,,   121 .vischk.R
R,,    16 .jit.R
R,,    26 .loop.R
R,,    98 .switch.R
R,,   104 .basics.R
R,,    65 .const.R
R,,  3453 .cmp.R
R,,    50 .scoping.R
R,,    33 .error.catching.R
R,,   143 .is.things.R
R,,    82 .recursion.R
R,,   143 .baseloader.R
R,,   130 .makebasedb.R
R,,    19 .plot.R
R,,    55 .debug.R
R,,    30 .range.R
R,,    53 .autoload.R
R,,    24 .max.col.R
R,,   212 .dcf.R
R,,    43 .attr.R
R,,   124 .stop.R
R,,    58 .scale.R
R,,    35 .dump.R
R,,    51 .utils.R
R,,    21 .quit.R
R,,    30 .assign.R
R,,    56 .ifelse.R
R,,    76 .mapply.R
R,,    39 .pretty.R
R,,    82 .as.R
R,,    42 .match.fun.R
R,,    55 .time.R
R,,  1007 .library.R
R,,    32 .toString.R
R,,    27 .zapsmall.R
R,,    43 .structure.R
R,,    49 .rle.R
R,,    24 .replace.R
R,,   129 .octhex.R
R,,    32 .dput.R
R,,    83 .methodsSupport.R
R,,    50 .formals.R
R,,   148 .duplicated.R
R,,    39 .svd.R
R,,    34 .conflicts.R
R,,    81 .solve.R
R,,   177 .seq.R
R,,    67 .expand.grid.R
R,,   114 .warnings.R
R,,   412 .version.R
R,,   524 .all.equal.R
R,,   231 .attach.R
R,,    52 .TAOCP.R
R,,   298 .source.R
R,,   254 .qr.R
R,,    29 .utilities.R
R,,   212 .Defunct.R
R,,    73 .parse.R
R,,    80 .sapply.R
R,,    36 .chol.R
R,,    37 .license.R
R,,    72 .cut.R
R,,    53 .bindenv.R
R,,    32 .zdatetime.R
R,,   613 .grep.R
R,,    65 .interaction.R
R,,   196 .load.R
R,,    88 .frametools.R
R,,    32 .unlist.R
R,,    23 .environment.R
R,,    55 .zdynvars.R
R,,    22 .write.R
R,,    21 .rev.R
R,,    23 .allnames.R
R,,    30 .options.R
R,,   202 .character.R
R,,    29 .bitwise.R
R,,    77 .kronecker.R
R,,    47 .userhooks.R
R,,   134 .RNG.R
R,,    23 .eapply.R
R,,  1773 .namespace.R
R,,    52 .rank.R
R,,  1499 .datetime.R
R,,   186 .merge.R
R,,   178 .taskCallback.R
R,,    85 .message.R
R,,   148 .matrix.R
R,,    39 .lapply.R
R,,    35 .Scripts.R
R,,    81 .match.R
R,,    56 .mode.R
R,,    45 .sink.R
R,,    92 .eval.R
R,,    45 .sets.R
R,,   216 .dynload.R
R,,    30 .is.R
R,,    58 .tapply.R
R,,    41 .diff.R
R,,   136 .system.unix.R
R,,    23 .callCC.R
R,,    20 .builtins.R
R,,    23 .temp.R
R,,    36 .backsolve.R
R,,    32 .constants.R
R,,   261 .srcfile.R
R,,   152 .funprog.R
R,,   410 .factor.R
R,,   326 .table.R
R,,    79 .eigen.R
R,,    67 .backquote.R
R,,    33 .gl.R
R,,    50 .Deprecated.R
R,,   131 .print.R
R,,   104 .kappa.R
R,,    21 .replicate.R
R,,    48 .sys.R
R,,   495 .dates.R
R,,    29 .Bessel.R
R,,    51 .data.matrix.R
R,,    45 .raw.R
R,,    52 .which.R
R,,   152 .array.R
R,,    33 .paste.R
R,,    42 .mean.R
R,,    19 .withVisible.R
R,,    29 .aperm.R
R,,    66 .diag.R
R,,   229 .strwrap.R
R,,   435 .conditions.R
R,,   644 .zzz.R
R,,   255 .files.R
R,,    39 .vector.R
R,,    35 .identical.R
R,,    93 .serialize.R
R,,   452 .format.R
R,,    65 .outer.R
R,,    81 .traceback.R
R,,    40 .rowsum.R
R,,   104 .pmax.R
R,,   313 .sort.R
R,,   115 .apply.R
R,,   220 .system.R
R,,    43 .junctions.R
R,,    21 .delay.R
R,,    41 .jitter.R
R,,    57 .sweep.R
R,,    32 .cat.R
R,,    22 .pairlist.R
R,,    33 .rm.R
R,,   346 .connections.R
R,,   128 .lazyload.R
R,,    34 .contributors.R
R,,    37 .locales.R
R,,    54 .scan.R
R,,    49 .det.R
R,,    30 .findInt.R
R,,    30 .tabulate.R
R,,    62 .LAPACK.R
R,,    87 .split.R
R,,    19 .xor.R
R,,    54 .getenv.R
R,,   111 .colSums.R
R,,    26 .unname.R
R,,    28 .rep.R
R,,    46 .get.R
R,,  1737 .dataframe.R
R,,   334 .New-Internal.R
R,,   194 .summary.R
R,,    34 .labels.R
R,,    73 .by.R
R,,    36 .sample.R
R,,    27 .notyet.R
R,,    25 .append.R
R,,    39 .smooth.R
R,,   144 .lm.glm.R
R,,   110 .nlm.R
R,,    24 .glm.vr.R
R,,   116 .ks-test.R
R,,    10 .cmdscale.R
R,,    87 .simulate.R
R,,   265 .arimaML.R
R,,    30 .drop1-polr.R
R,,    27 .offsets.R
R,,   136 .nafns.R
R,,    20 .table-margins.R
R,,   106 .nlm.R
R,,   151 .ts-tests.R
R,,   188 .smooth.spline.R
R,,    82 .glm.R
R,,    19 .bandwidth.R
R,,   365 .nls.R
R,,    19 .glm-etc.R
R,,     6 .ppr.R
R,,    68 .ig_glm.R
R,,    12 .NLSstClosest.R
R,,   189 .addmargins.R
R,,    47 .mahalanobis.R
R,,    82 .diffinv.R
R,,    88 .cmdscale.R
R,,   170 .stepfun.R
R,,    44 .embed.R
R,,    63 .power.anova.test.R
R,,   168 .power.R
R,,   261 .fisher.test.R
R,,   932 .lm.R
R,,   135 .binom.test.R
R,,    95 .bartlett.test.R
R,,    35 .shapiro.test.R
R,,   133 .princomp.R
R,,    47 .fft.R
R,,   283 .nls-profile.R
R,,   114 .biplot.R
R,,   713 .aov.R
R,,   120 .dist.R
R,,   205 .cor.R
R,,    54 .cpgram.R
R,,   119 .xtabs.R
R,,    95 .kruskal.test.R
R,,    82 .medpolish.R
R,,    78 .integrate.R
R,,   223 .cor.test.R
R,,   100 .spline.R
R,,   173 .t.test.R
R,,    53 .expand.model.frame.R
R,,    68 .mcnemar.test.R
R,,   200 .StructTS.R
R,,    20 .predict.R
R,,   191 .nafns.R
R,,    50 .na.ts.R
R,,    77 .stats-defunct.R
R,,   258 .acf.R
R,,    19 .profile.R
R,,    79 .vcov.R
R,,   186 .contr.poly.R
R,,    26 .reorder.factor.R
R,,    63 .qqnorm.R
R,,   177 .contrast.R
R,,   890 .add.R
R,,    64 .cancor.R
R,,   177 .kmeans.R
R,,    55 .birthday.R
R,,   131 .quantile.R
R,,   381 .lm.influence.R
R,,   148 .ks.test.R
R,,   331 .distn.R
R,,    48 .deriv.R
R,,   139 .manova.R
R,,   125 .TukeyHSD.R
R,,    45 .weighted.mean.R
R,,    88 .smooth.R
R,,   348 .factanal.R
R,,   168 .stl.R
R,,    40 .relevel.R
R,,   246 .aggregate.R
R,,   582 .mlm.R
R,,    48 .Kalman.R
R,,   149 .pairwise.R
R,,    19 .complete.cases.R
R,,   109 .quade.test.R
R,,    69 .htest.R
R,,   139 .logLik.R
R,,   169 .nlm.R
R,,    29 .tukeyline.R
R,,   111 .identify.hclust.R
R,,    99 .ts-tests.R
R,,   204 .proj.R
R,,    39 .prop.trend.test.R
R,,    87 .interaction.plot.R
R,,   263 .reshape.R
R,,   110 .var.test.R
R,,   385 .spectrum.R
R,,   486 .wilcox.test.R
R,,    52 .cutree.R
R,,    80 .confint.R
R,,    79 .oneway.test.R
R,,   149 .runmed.R
R,,   228 .selfStart.R
R,,    33 .mad.R
R,,   163 .poisson.test.R
R,,    89 .optim.R
R,,    34 .qqplot.R
R,,    93 .princomp-add.R
R,,   191 .anova.R
R,,    49 .C.R
R,,    21 .sd.R
R,,   845 .ts.R
R,,   340 .plot.lm.R
R,,    93 .AIC.R
R,,   344 .arma0.R
R,,    96 .fligner.test.R
R,,   425 .ftable.R
R,,   204 .kernel.R
R,,   132 .isoreg.R
R,,   132 .loglin.R
R,,    10 .Pair.R
R,,    84 .ecdf.R
R,,   649 .family.R
R,,   422 .HoltWinters.R
R,,  1009 .dendrogram.R
R,,    38 .stats-deprecated.R
R,,   131 .lag.plot.R
R,,    34 .fivenum.R
R,,   890 .glm.R
R,,    33 .median.R
R,,   164 .prop.test.R
R,,    78 .ARMAtheory.R
R,,    37 .zzz.R
R,,    91 .mood.test.R
R,,   119 .symnum.R
R,,   928 .nls.R
R,,   138 .nlminb.R
R,,    91 .constrOptim.R
R,,   166 .prcomp.R
R,,   186 .density.R
R,,   231 .termplot.R
R,,   513 .model.tables.R
R,,   297 .dummy.coef.R
R,,    71 .predict.glm.R
R,,   105 .monthplot.R
R,,    28 .ave.R
R,,   814 .models.R
R,,   274 .hclust.R
R,,   545 .loess.R
R,,    31 .lag.R
R,,   147 .bandwidths.R
R,,   499 .zzModels.R
R,,    85 .p.adjust.R
R,,   193 .splinefun.R
R,,   223 .ppr.R
R,,   658 .ar.R
R,,    54 .update.R
R,,   152 .chisq.test.R
R,,    30 .r2dtable.R
R,,    99 .friedman.test.R
R,,    26 .lowess.R
R,,   417 .smspline.R
R,,    56 .cov.wt.R
R,,   501 .arima.R
R,,    62 .nlsFunc.R
R,,   292 .mantelhaen.test.R
R,,   315 .lsfit.R
R,,   266 .ansari.test.R
R,,    35 .ksmooth.R
R,,    83 .filter.R
R,,    23 .ppoints.R
R,,   155 .approx.R
R,,   433 .reg.R
R,,    72 .coords.R
R,,   493 .patterns.R
R,,    30 .bugs.R
R,,   280 .masks.R
R,,   158 .testls.R
R,,   368 .clippaths.R
R,,   180 .units.R
R,,    74 .edit.R
R,,   449 .debug.R
R,,   331 .coords.R
R,,   133 .size.R
R,,    60 .mask.R
R,,   110 .just.R
R,,    14 .metric.R
R,,    74 .origin.R
R,,  2280 .grob.R
R,,   242 .patterns.R
R,,   471 .viewport.R
R,,   248 .grab.R
R,,   539 .grid.R
R,,   162 .roundRect.R
R,,   810 .unit.R
R,,   336 .components.R
R,,   164 .layout.R
R,,   535 .curve.R
R,,   419 .highlevel.R
R,,    34 .interactive.R
R,,   887 .ls.R
R,,    47 .util.R
R,,    68 .zzz.R
R,,  1699 .primitives.R
R,,   285 .gpar.R
R,,    51 .clippath.R
R,,   103 .function.R
R,,   472 .frames.R
R,,    46 .windlgs.R
R,,     9 .rwver.R
R,,   383 .WiXins.R
R,,   165 .JRins.R
C,,    41 .dexp.c
C,,    39 .dunif.c
C,,    39 .plnorm.c
C,,   177 .pnt.c
C,,    69 .qnt.c
C,,    86 .lgammacor.c
C,,    50 .pgeom.c
C,,    69 .pcauchy.c
C,,    42 .qexp.c
C,,    47 .dlnorm.c
C,,   329 .snorm.c
C,,   149 .qnorm.c
C,,    74 .dgamma.c
C,,    50 .rgeom.c
C,,   104 .dnt.c
C,,   389 .rhyper.c
C,,    63 .qnbeta.c
C,,   753 .pgamma.c
C,,   127 .phyper.c
C,,    42 .qnf.c
C,,   215 .rgamma.c
C,,    75 .dhyper.c
C,,   221 .gamma.c
C,,    49 .pnf.c
C,,    86 .qbinom.c
C,,    44 .pexp.c
C,,    38 .rlnorm.c
C,,    76 .qpois.c
C,,    44 .ftrunc.c
C,,    71 .qcauchy.c
C,,   586 .bessel_j.c
C,,    48 .test.c
C,,    67 .sunif.c
C,,    47 .qlogis.c
C,,    42 .dcauchy.c
C,,   110 .fprec.c
C,,    78 .dnf.c
C,,  2285 .toms708.c
C,,   281 .pnorm.c
C,,    62 .pf.c
C,,    83 .qnbinom_mu.c
C,,   206 .qt.c
C,,    29 .fmax2.c
C,,   244 .gamma_cody.c
C,,    31 .qchisq.c
C,,    41 .rnorm.c
C,,    43 .qgeom.c
C,,    83 .pt.c
C,,    87 .chebyshev.c
C,,   250 .signrank.c
C,,    86 .dbeta.c
C,,    41 .ppois.c
C,,    36 .rweibull.c
C,,    40 .rcauchy.c
C,,    34 .imin2.c
C,,   533 .bessel_i.c
C,,   155 .choose.c
C,,   409 .ptukey.c
C,,    40 .sign.c
C,,   243 .rpois.c
C,,    59 .d1mach.c
C,,    56 .qf.c
C,,   128 .lgamma.c
C,,   313 .qgamma.c
C,,   604 .qbeta.c
C,,   126 .dnbeta.c
C,,   100 .dnchisq.c
C,,   119 .qnchisq.c
C,,   121 .pnbeta.c
C,,    34 .rlogis.c
C,,   101 .rmultinom.c
C,,    45 .rf.c
C,,   205 .rbinom.c
C,,    38 .qlnorm.c
C,,    90 .dbinom.c
C,,    80 .lbeta.c
C,,    58 .plogis.c
C,,    93 .gammalims.c
C,,    39 .runif.c
C,,    48 .pbinom.c
C,,    38 .dlogis.c
C,,    94 .cospi.c
C,,    43 .rt.c
C,,    62 .rnbinom.c
C,,   134 .log1p.c
C,,    93 .beta.c
C,,    43 .punif.c
C,,    84 .qhyper.c
C,,    40 .fsign.c
C,,   105 .stirlerr.c
C,,    50 .dgeom.c
C,,   313 .pnchisq.c
C,,    87 .sexp.c
C,,    72 .df.c
C,,    31 .pchisq.c
C,,   329 .wilcox.c
C,,    87 .fround.c
C,,    29 .fmin2.c
C,,    31 .dchisq.c
C,,   549 .polygamma.c
C,,   135 .rbeta.c
C,,   120 .mlutils.c
C,,    72 .dpois.c
C,,    84 .pbeta.c
C,,    85 .pnbinom.c
C,,   518 .bessel_y.c
C,,    73 .rnchisq.c
C,,    42 .pweibull.c
C,,    40 .qweibull.c
C,,   111 .dnbinom.c
C,,    44 .qunif.c
C,,    34 .imax2.c
C,,    57 .i1mach.c
C,,    92 .qnbinom.c
C,,   190 .qtukey.c
C,,    83 .dt.c
C,,    47 .dweibull.c
C,,    93 .dnorm.c
C,,    78 .bd0.c
C,,    41 .rchisq.c
C,,    41 .rexp.c
C,,   561 .bessel_k.c
C,,   790 .optim.c
C,,  3567 .lbfgsb.c
C,,  2623 .uncmin.c
C,,   257 .pretty.c
C,,  2255 .integrate.c
C,,    98 .maxcol.c
C,,   207 .interv.c
C,,    99 .rngstream.c
C,,  1285 .fork.c
C,,    63 .init.c
C,,   230 .ncpus.c
C,,  2637 .gramLatex.c
C,,    76 .init.c
C,,    78 .Rmd5.c
C,,   163 .getfmts.c
C,,  4657 .gramRd.c
C,,   144 .pdscan.c
C,,   170 .install.c
C,,   305 .text.c
C,,    41 .http.c
C,,   392 .md5.c
C,,   186 .signals.c
C,,    65 .init.c
C,,    40 .slot.c
C,,    40 .utils.c
C,,    44 .tests.c
C,,    37 .class_support.c
C,,    48 .do_substitute_direct.c
C,,  1178 .methods_list_dispatch.c
C,,   783 .tcltk.c
C,,    71 .init.c
C,,    69 .tcltk_win.c
C,,   243 .tcltk_unix.c
C,,  1204 .io.c
C,,   329 .stubs.c
C,,   126 .init.c
C,,   172 .utils.c
C,,    65 .sock.c
C,,   169 .size.c
C,,   582 .util.c
C,,  1904 .dataentry.c
C,,   330 .dialogs.c
C,,   272 .registry.c
C,,   269 .widgets.c
C,,   264 .splines.c
C,,   166 .qdPDF.c
C,,   686 .winbitmap.c
C,,  9809 .devPS.c
C,,   443 .chull.c
C,,   206 .qdBitmap.c
C,,   112 .stubs.c
C,,  1662 .devQuartz.c
C,,   148 .init.c
C,,   782 .devPicTeX.c
C,,    39 .clippath.c
C,,   675 .cairoBM.c
C,,  1734 .cairoFns.c
C,,   211 .devices.c
C,,    39 .mask.c
C,,    38 .patterns.c
C,,    71 .axis_scales.c
C,,    94 .devCairo.c
C,,  3951 .devWindows.c
C,,  1589 .colors.c
C,,   209 .stem.c
C,,    91 .init.c
C,,  3448 .graphics.c
C,,   403 .base.c
C,,  4128 .plot.c
C,,  2034 .plot3d.c
C,,  1269 .par.c
C,,   369 .par-common.c
C,,   249 .nscor.c
C,,   489 .optim.c
C,,    49 .influence.c
C,,   385 .sbart.c
C,,    58 .PPsum.c
C,,   136 .chisqsim.c
C,,   307 .fourier.c
C,,   225 .complete_cases.c
C,,   994 .mAR.c
C,,    73 .isoreg.c
C,,   393 .loglin.c
C,,    81 .monoSpl.c
C,,  2189 .model.c
C,,    99 .HoltWinters.c
C,,    69 .massdist.c
C,,   113 .hclust-utils.c
C,,   155 .family.c
C,,   372 .nls.c
C,,   314 .init.c
C,,   171 .bandwidths.c
C,,   166 .line.c
C,,   436 .random.c
C,,  1125 .arima.c
C,,   320 .Srunmed.c
C,,   306 .lowess.c
C,,   214 .swilk.c
C,,   156 .filter.c
C,,   175 .approx.c
C,,   109 .ksmooth.c
C,,   156 .rcont.c
C,,   820 .cov.c
C,,   110 .kendall.c
C,,   120 .rWishart.c
C,,   111 .lm.c
C,,   157 .ansari.c
C,,   870 .fft.c
C,,   158 .integrate.c
C,,   445 .loessc.c
C,,    65 .d2x2xk.c
C,,   909 .optimize.c
C,,   292 .distance.c
C,,   521 .starma.c
C,,   613 .port.c
C,,   162 .kmeans.c
C,,    82 .burg.c
C,,   471 .distn.c
C,,   470 .splines.c
C,,   194 .zeroin.c
C,,   157 .prho.c
C,,   477 .pacf.c
C,,  1267 .deriv.c
C,,   312 .smooth.c
C,,   265 .ks.c
C,,    44 .dblcen.c
C,,   415 .Trunmed.c
C,,  2077 .fexact.c
C,,   659 .layout.c
C,,   289 .util.c
C,,   440 .state.c
C,,   110 .register.c
C,,   564 .gpar.c
C,,    38 .clippath.c
C,,   128 .just.c
C,,    36 .mask.c
C,,   416 .viewport.c
C,,  4207 .grid.c
C,,  2023 .unit.c
C,,   154 .matrix.c
C,,  1530 .rui.c
C,,   124 .opt.c
C,,   210 .dynload.c
C,,    79 .shext.c
C,,   172 .RSetReg.c
C,,   185 .Renviron.c
C,,    55 .rpwd.c
C,,   143 .rterm.c
C,,   503 .rcmdfn.c
C,,    59 .R.c
C,,    32 .graphappmain.c
C,,   123 .rtest.c
C,,    79 .rgui.c
C,,    27 .rcmd.c
C,,    92 .Rfe.c
C,,    57 .open.c
C,,  1210 .extra.c
C,,   198 .ttest.c
C,,  1253 .system.c
C,,   340 .sys-win32.c
C,,  1046 .run.c
C,,   158 .rt_complete.c
C,,   572 .pager.c
C,,   120 .rhome.c
C,,  2297 .console.c
C,,   866 .editor.c
C,,   980 .dos_wglob.c
C,,  5114 .malloc.c
C,,   929 .preferences.c
C,,    27 .uuidgen.c
C,,   453 .psignal.c
C,,   203 .wc_history.c
C,,  1651 .getline.c
C,,    18 .testgl.c
C,,   148 .embeddedR.c
C,,   234 .dynload.c
C,,   177 .X11.c
C,,   647 .system.c
C,,  1010 .sys-unix.c
C,,  1459 .sys-std.c
C,,   354 .Rscript.c
C,,    77 .Rembedded.c
C,,   286 .arith.c
C,,   419 .bitmaps.c
C,,   265 .strings.c
C,,   340 .cursors.c
C,,   174 .array.c
C,,   107 .clipboard.c
C,,  1395 .buttons.c
C,,   171 .init.c
C,,   511 .menus.c
C,,  1188 .image.c
C,,  1403 .stdimg.c
C,,   373 .drawtext.c
C,,   974 .controls.c
C,,  1417 .rgb.c
C,,   166 .printer.c
C,,   206 .fonts.c
C,,   694 .drawing.c
C,,    60 .tooltips.c
C,,   248 .gbuttons.c
C,,    80 .status.c
C,,   536 .context.c
C,,   149 .gmenus.c
C,,  1184 .events.c
C,,    13 .gif.c
C,,   167 .gimage.c
C,,   725 .windows.c
C,,   610 .objects.c
C,,   924 .dialogs.c
C,,  1049 .gdraw.c
C,,   128 .metafile.c
C,,    86 .blas00.c
C,,    92 .compat.c
C,,  7730 .trio.c
C,,  1252 .trionan.c
C,,  2348 .triostr.c
C,,  1797 .dcigettext.c
C,,    66 .gettext.c
C,,   133 .intl-compat.c
C,,   427 .printf.c
C,,    51 .hash-string.c
C,,   135 .explodename.c
C,,   188 .printf-args.c
C,,    56 .dcgettext.c
C,,   127 .textdomain.c
C,,    36 .intl-exports.c
C,,    69 .ngettext.c
C,,    62 .dngettext.c
C,,    61 .dgettext.c
C,,    57 .dcngettext.c
C,,   155 .plural-exp.c
C,,   590 .printf-parse.c
C,,  4677 .vasnprintf.c
C,,   340 .bindtextdom.c
C,,   684 .tsearch.c
C,,   219 .finddomain.c
C,,   130 .langprefs.c
C,,  1962 .plural.c
C,,    26 .osdep.c
C,,   481 .localcharset.c
C,,   923 .lock.c
C,,  1336 .loadmsgcat.c
C,,   399 .l10nflist.c
C,,  1509 .localename.c
C,,  1848 .win_iconv.c
C,,   155 .tre-mem.c
C,,   501 .tre-match-parallel.c
C,,  1773 .tre-parse.c
C,,   231 .tre-ast.c
C,,   386 .regexec.c
C,,   176 .regcomp.c
C,,   668 .tre-match-backtrack.c
C,,   843 .tre-match-approx.c
C,,   127 .tre-stack.c
C,,   366 .xmalloc.c
C,,  2327 .tre-compile.c
C,,    83 .regerror.c
C,,  1963 .localtime.c
C,,   418 .registryTZ.c
C,,   510 .strftime.c
C,,   224 .xdr_stdio.c
C,,   604 .xdr.c
C,,   230 .xdr_mem.c
C,,    86 .xdr_float.c
C,,  1439 .names.c
C,,  1920 .radixsort.c
C,,   555 .match.c
C,,  3066 .coerce.c
C,,   494 .alloca.c
C,,  8401 .eval.c
C,,   595 .duplicate.c
C,,  2507 .saveload.c
C,,   136 .list.c
C,,  2287 .subassign.c
C,,   714 .g_cntrlify.c
C,,    66 .gram-ex.c
C,,  4637 .memory.c
C,,   266 .iosupport.c
C,,    44 .strncasecmp.c
C,,  2995 .util.c
C,,  1214 .print.c
C,,  1044 .subscript.c
C,,  2310 .array.c
C,,   496 .logic.c
C,,   750 .paste.c
C,,   462 .raw.c
C,,   364 .Renviron.c
C,,   507 .printvector.c
C,,  2180 .unique.c
C,,  6328 .gram.c
C,,   236 .cum.c
C,,   372 .identical.c
C,,  1700 .bind.c
C,,  3255 .serialize.c
C,,   729 .format.c
C,,   309 .inspect.c
C,,  1606 .sort.c
C,,   132 .graphics.c
C,,   980 .g_alab_her.c
C,,   263 .CommandLineArgs.c
C,,   311 .machar.c
C,,   403 .apply.c
C,,  1091 .altrep.c
C,,  6687 .connections.c
C,,  1051 .printutils.c
C,,  2325 .arithmetic.c
C,,   186 .mkdtemp.c
C,,   915 .agrep.c
C,,  1053 .scan.c
C,,  2748 .dotcode.c
C,,   553 .random.c
C,,    66 .lapack.c
C,,  1534 .complex.c
C,,    77 .split.c
C,,  1884 .deparse.c
C,,  3449 .platform.c
C,,   493 .sprintf.c
C,,   163 .qsort.c
C,,  1321 .summary.c
C,,   213 .edit.c
C,,   265 .plot.c
C,,   274 .debug.c
C,,  1359 .g_fontdb.c
C,,   325 .gevents.c
C,,    42 .strdup.c
C,,   358 .dcf.c
C,,  3772 .engine.c
C,,   546 .devices.c
C,,  1786 .main.c
C,,   124 .mapply.c
C,,   544 .xspline.c
C,,    67 .split-incl.c
C,,  1104 .builtin.c
C,,  1176 .seq.c
C,,   372 .internet.c
C,,   150 .version.c
C,,   229 .patterns.c
C,,  1952 .attrib.c
C,,   314 .source.c
C,,   956 .context.c
C,,  1499 .Rdynload.c
C,,  3237 .plotmath.c
C,,  2227 .dounzip.c
C,,   290 .plot3d.c
C,,    26 .inlined.c
C,,    97 .registration.c
C,,   171 .times.c
C,,  4414 .envir.c
C,,  3294 .grep.c
C,,    37 .Rmain.c
C,,  2043 .altclasses.c
C,,   440 .rlocale.c
C,,  1815 .objects.c
C,,   753 .relop.c
C,,   849 .options.c
C,,  1864 .character.c
C,,  2184 .sysutils.c
C,,   169 .qsort-body.c
C,,    85 .colors.c
C,,   761 .localecharset.c
C,,   286 .startup.c
C,,   885 .RNG.c
C,,  1383 .subset.c
C,,  2570 .errors.c
C,,   507 .printarray.c
C,,   629 .g_her_glyph.c
C,,   151 .dstruct.c
C,,  1304 .datetime.c
C,,  1418 .Lapack.c
C,,    40 .init_win.c
C,,    27 .vecLibg95c.c
C,,  1547 .nanohttp.c
C,,  1011 .libcurl.c
C,,   280 .sockconn.c
C,,  1467 .nanoftp.c
C,,  1366 .Rhttpd.c
C,,   446 .sock.c
C,,  1158 .internet.c
C,,   687 .Rsock.c
C,,   739 .rbitmap.c
C,,  2617 .dataentry.c
C,,  3510 .devX11.c
C,,  2495 .rotated.c
Fortran,,    78 .dpofa.f
Fortran,,   275 .dqrsl.f
Fortran,,    83 .dpbsl.f
Fortran,,   234 .dchdc.f
Fortran,,   195 .dpoco.f
Fortran,,   509 .dsvdc.f
Fortran,,   122 .dpodi.f
Fortran,,   161 .dtrco.f
Fortran,,   119 .dqrls.f
Fortran,,   200 .dqrdc2.f
Fortran,,   156 .dtrsl.f
Fortran,,   208 .dqrdc.f
Fortran,,    72 .dposl.f
Fortran,,    66 .dqrutl.f
Fortran,,   100 .dpbfa.f
Fortran,,   185 .bvalue.f
Fortran,,    66 .stxwx.f
Fortran,,    13 .bvalus.f
Fortran,,   143 .sslvrg.f
Fortran,,    68 .qsbart.f
Fortran,, 12730 .portsrc.f
Fortran,,   615 .stl.f
Fortran,,    98 .sinerp.f
Fortran,,   116 .lminfl.f
Fortran,,   141 .sgram.f
Fortran,,   446 .kmns.f
Fortran,,  1495 .ppr.f
Fortran,,   332 .hclust.f
Fortran,,   228 .bsplvd.f
Fortran,,    70 .eureka.f
Fortran,,  2063 .loessf.f
Fortran,,  8359 .cmplxblas.f
Fortran,,  7131 .blas.f
Fortran,,   108 .xxxpr.f
Fortran,,   189 .dlamch.f
Fortran,, 56056 .cmplx.f
Fortran,,    39 .vecLibg95f.f
Fortran,,166085 .dlapack.f
R,,    57 r-strict-tst.R
R,,   245 reg-plot.R
R,,    93 any-all.R
R,,   328 utf8-regex.R
R,,     6 reg-plot-latin1.R
R,,  3190 reg-tests-2.R
R,,   124 reg-IO2.R
R,,   357 reg-S4-examples.R
R,,    67 internet2.R
R,,     9 timezone.R
R,,   179 reg-examples3.R
R,,    24 ok-errors.R
R,,    21 internet.R
R,,  1631 reg-tests-1c.R
R,,     9 demos2.R
R,,   190 simple-true.R
R,,    86 array-subset.R
R,,   786 d-p-q-r-tst-2.R
R,,   101 lm-tests.R
R,,   411 p-qbeta-strict-tst.R
R,,     6 error.R
R,,     8 foo.R
R,,   135 reg-BLAS.R
R,,  5096 reg-tests-1d.R
R,,   181 p-r-random-tests.R
R,,    27 encodings.R
R,,    43 datetime.R
R,,    28 CRANtools.R
R,,    30 demos.R
R,,   497 d-p-q-r-tests.R
R,,   235 eval-etc.R
R,,   475 reg-packages.R
R,,    16 RpkgA.R
R,,    22 Rf.R
R,,    89 Rnss4.R
R,,     4 Rzlater.R
R,,     0 RpkgA.R
R,,     0 datanil.R
R,,     0 RpkgA.R
R,,     0 datanil.R
R,,     3 RAllClass.R
R,,    16 RpkgA.R
R,,    16 pkgpkgA.R
R,,     1 pkgnil.R
R,,     2 Rstuff.R
R,,    16 RpkgA.R
R,,    26 arith.R
R,,    90 reg-examples1.R
R,,     1 gct-foot.R
R,,   123 PCRE.R
R,,  4875 reg-tests-1a.R
R,,    34 reg-win.R
R,,   152 conditions.R
R,,  1023 reg-S4.R
R,,    18 iec60559.R
R,,   146 primitives.R
R,,    89 test-system.R
R,,    47 datetime2.R
R,,     9 datasets.R
R,,   220 arith-true.R
R,,    96 libcurl.R
R,,   343 print-tests.R
R,,   246 reg-tests-3.R
R,,    99 eval-fns.R
R,,    60 reg-IO.R
R,,    38 reg-examples2.R
R,,   156 lapack.R
R,,   159 complex.R
R,,    54 utf8.R
R,,    77 eval-etc-2.R
R,,   344 reg-large.R
R,,  2113 reg-tests-1b.R
R,,    62 method-dispatch.R
R,,    37 reg-translation.R
R,,   475 R-intro.R
R,,    93 R-exts.R
R,,     4 tests-startup.R
R,,    85 examples-header.R
R,,    12 examples-footer.R
R,,    82 REMOVE.R
R,,    27 nspackloader.R
R,,    20 testssnow2.RR
R,,     9 testsmulticore3.RR
R,,    15 testsmulticore2.RR
R,,    10 testsmulticore1.RR
R,,    25 testsRSeed.R
R,,    36 testsMaster.R
R,,    41 testssnow1.RR
R,,   340 RclusterApply.R
R,,   379 RsnowSOCK.R
R,,    60 Rpvec.R
R,,   116 Rmcparallel.R
R,,    79 Rmcmapply.R
R,,    89 RforkCluster.R
R,,   177 Rmcfork.R
R,,   247 Rmclapply.R
R,,    76 Rworker.R
R,,   279 Rsnow.R
R,,   102 RRngStream.R
R,,    38 Rzzz.R
R,,    73 RdetectCores.R
R,,    20 RforkCluster.R
R,,    55 Rmcdummies.R
R,,    51 testsRd2HTML.R
R,,    34 testsQC.R
R,,     4 testsundoc.R
R,,    21 testsRd.R
R,,     9 testsS3.R
R,,   980 RRd2HTML.R
R,,   815 Rurltools.R
R,,  2461 Rutils.R
R,,   159 Rcitation.R
R,,   250 Rindex.R
R,,   843 Rtesting.R
R,,   669 RRd2latex.R
R,,  1200 Rbuild.R
R,,   117 RassertCondition.R
R,,   265 Rdoitools.R
R,,  3037 Rinstall.R
R,,   237 RparseRd.R
R,,  9685 RQC.R
R,,   709 RdynamicHelp.R
R,,  1093 Rsotools.R
R,,   399 RtoHTML.R
R,,   997 RRd2txt.R
R,,   963 RRd2pdf.R
R,,    76 Rmd5.R
R,,   908 Rlicense.R
R,,   339 Rxgettext.R
R,,   537 Rpackages.R
R,,   179 RRd2ex.R
R,,    42 Rtools-deprecated.R
R,,   240 RparseLatex.R
R,,   354 RmakeLazyLoad.R
R,,   128 Rlogging.R
R,,   272 Rencodings.R
R,,   352 Rupdate_packages.R
R,,   133 RRdHelpers.R
R,,   775 RCRANtools.R
R,,  1397 RVignettes.R
R,,   137 RRprof.R
R,,  1216 Rchecktools.R
R,,   943 RRd.R
R,,    71 Ruserdir.R
R,,  1030 RRdConv2.R
R,,   425 Rbibstyle.R
R,,  6744 Rcheck.R
R,,    55 Rzzz.R
R,,   175 RRdtools.R
R,,    17 Rsysdata.R
R,,    62 RSweavetools.R
R,,   147 Rrecode.R
R,,    81 Rread.00Index.R
R,,  1152 Radmin.R
R,,    68 Rtools-defunct.R
R,,   865 Rnews.R
R,,   325 Rtranslations.R
R,,   530 testsbasicRefClass.R
R,,    83 teststestGroupGeneric.R
R,,    35 testsduplicateClass.R
R,,    61 teststestIs.R
R,,    38 teststestConditionalIs.R
R,,    20 testsnextWithDots.R
R,,    30 testsfieldAssignments.R
R,,    18 testsenvRefClass.R
R,,    29 testsS3.R
R,,    51 testsrefClassExample.R
R,,    18 testsnamesAndSlots.R
R,,    86 testsmixinInitialize.R
R,,    75 Rdebug.R
R,,    74 RfixPrevious.R
R,,    64 Rmethod.skeleton.R
R,,   412 RClassExtensions.R
R,,   170 RNextMethod.R
R,,   452 Ras.R
R,,    35 RsubstituteDirect.R
R,,    64 RDefunct.R
R,,    35 Rmethods-defunct.R
R,,  1396 RrefClass.R
R,,    79 RClassUnion.R
R,,   128 Rcbind.R
R,,  1015 RSClasses.R
R,,   171 Rshow.R
R,,   970 Rtrace.R
R,,   307 Ris.R
R,,   114 RlanguageEl.R
R,,    26 Rmethods-deprecated.R
R,,   158 RBasicFunsList.R
R,,   941 RMethodsList.R
R,,  1956 RRMethodUtils.R
R,,   114 Rrbind.R
R,,   154 Rzzz.R
R,,   147 RaddedFunctions.R
R,,   649 RBasicClasses.R
R,,   281 RmakeBasicFunsList.R
R,,   380 RpromptClass.R
R,,  2499 RRClassUtils.R
R,,    96 RpackageName.R
R,,  1705 RMethods.R
R,,   326 RoldClass.R
R,,  1655 RmethodsTable.R
R,,   442 RMethodsListClass.R
R,,     4 dataairmiles.R
R,,    12 datalynx.R
R,,    12 dataUKgas.R
R,,     5 datasleep.R
R,,     7 dataPlantGrowth.R
R,,    80 dataHarman74.cor.R
R,,    28 dataBJsales.R
R,,    44 dataLoblolly.R
R,,    22 datalongley.R
R,,     9 datapresidents.R
R,,    67 dataDNase.R
R,,    19 dataUCBAdmissions.R
R,,     5 dataBOD.R
R,,    15 dataOrchardSprays.R
R,,    12 dataHairEyeColor.R
R,,    51 dataUSJudgeRatings.R
R,,    16 dataattitude.R
R,,    38 dataLifeCycleSavings.R
R,,  3181 datasunspot.month.R
R,,    17 dataPuromycin.R
R,,    26 dataUKLungDeaths.R
R,,     4 datauspop.R
R,,    15 dataoccupationalStatus.R
R,,    80 dataattenu.R
R,,   164 dataSeatbelts.R
R,,     9 datatrees.R
R,,    14 dataaustres.R
R,,    74 databeavers.R
R,,   155 datarandu.R
R,,    45 datairis.R
R,,    32 datamtcars.R
R,,    13 dataToothGrowth.R
R,,    43 datairis3.R
R,,    12 datachickwts.R
R,,   291 datasunspot.year.R
R,,     9 dataUSAccDeaths.R
R,,  1864 dataEuStockMarkets.R
R,,    20 dataprecip.R
R,,    11 dataanscombe.R
R,,    61 dataco2.R
R,,     9 dataJohnsonJohnson.R
R,,    13 dataHarman23.cor.R
R,,    14 dataLakeHuron.R
R,,    32 dataIndometh.R
R,,    10 dataability.cov.R
R,,    11 datarivers.R
R,,   352 datavolcano.R
R,,     5 dataVADeaths.R
R,,     8 dataWWWusage.R
R,,     3 dataFormaldehyde.R
R,,    72 dataTheoph.R
R,,    16 dataTitanic.R
R,,     9 datastackloss.R
R,,     6 dataeuro.R
R,,    34 dataesoph.R
R,,     8 dataWorldPhones.R
R,,    20 dataUKDriverDeaths.R
R,,     4 datawomen.R
R,,   162 dataChickWeight.R
R,,    85 datainfert.R
R,,   111 datastate.R
R,,     9 dataNile.R
R,,    13 dataAirPassengers.R
R,,     5 datalh.R
R,,    22 dataeurodist.R
R,,     7 datanhtemp.R
R,,    71 datafreeny.R
R,,     7 datacars.R
R,,     6 dataUSPersonalExpenditure.R
R,,    13 dataislands.R
R,,     5 datapressure.R
R,,    24 datanottem.R
R,,  7983 datatreering.R
R,,    10 dataInsectSprays.R
R,,     6 datadiscoveries.R
R,,   250 datasunspots.R
R,,    41 datafaithful.R
R,,    11 datawarpbreaks.R
R,,    24 dataOrange.R
R,,    89 demotkttest.R
R,,   104 demotkdensity.R
R,,   151 demotkcanvas.R
R,,    32 demotkfaq.R
R,,    51 Rtcltk-defunct.R
R,,    40 Rtclsearch.R
R,,   221 Rutils.R
R,,   151 RtkGUI.R
R,,   631 RTk.R
R,,    20 Rzzzstub.R
R,,    87 Rzzz.R
R,,    80 Rtclarray.R
R,,    62 Rzzz.R
R,,    25 execTk-frontend.R
R,,    37 testscompletion.R
R,,    84 testsSweave-tst.R
R,,    98 testscharclass.R
R,,   176 testsdownload.file.R
R,,   278 Redit.R
R,,   189 Rsourceutils.R
R,,   141 Rlinkhtml.R
R,,    44 RaskYesNo.R
R,,   127 RprogressBar.R
R,,    76 RmodifyList.R
R,,    49 Rpage.R
R,,  1392 Rcompletion.R
R,,   196 RpackageStatus.R
R,,   193 Rde.R
R,,   187 Rhead.R
R,,   156 Rrelist.R
R,,   811 RSweaveDrivers.R
R,,    19 RcharClass.R
R,,   106 Rexample.R
R,,  1623 Rcitation.R
R,,   289 Rhelp.R
R,,    64 Rsock.R
R,,   179 Rwrite.table.R
R,,   187 Rquestion.R
R,,   632 RSweave.R
R,,    99 Rhelp.start.R
R,,   137 Rvignette.R
R,,    21 RhasName.R
R,,    20 Ralarm.R
R,,    74 Rread.fortran.R
R,,    49 Rcapture.output.R
R,,   122 Rdemo.R
R,,    74 Robject.size.R
R,,   579 Rtar.R
R,,    18 Rutils-deprecated.R
R,,    39 Rglob2rx.R
R,,  1152 Rpackages.R
R,,   242 Rdata.R
R,,    81 Rframetools.R
R,,   872 Rhelp.search.R
R,,   140 Rhelp.request.R
R,,   991 Rpackages2.R
R,,   625 Robjects.R
R,,   292 RsummRprof.R
R,,    94 Rapropos.R
R,,   277 Rread.DIF.R
R,,   235 RfindLineNum.R
R,,    76 Rwidgets.R
R,,   154 RchangedFiles.R
R,,   258 RsessionInfo.R
R,,   170 RRShowDoc.R
R,,    50 Rhistory.R
R,,   137 Riconv.R
R,,   190 Rmac.install.R
R,,   134 Rcreate.post.R
R,,    29 Rsysutils.R
R,,    89 Rdownload.file.R
R,,    34 RRprof.R
R,,   251 Rindices.R
R,,   292 Rpackage.skeleton.R
R,,    42 Rutils-defunct.R
R,,    92 Rread.fwf.R
R,,   100 Radist.R
R,,    27 RtoLatex.R
R,,    50 Rmenu.R
R,,    67 RURLencode.R
R,,    24 Rfiletest.R
R,,   126 Rzip.R
R,,    63 RmirrorAdmin.R
R,,    54 Rzzz.R
R,,    93 Rdebugcall.R
R,,    56 RRSiteSearch.R
R,,    80 Rformat.R
R,,    48 Rreadhttp.R
R,,   148 Rroman.R
R,,    64 Rsysdata.R
R,,   124 Rbug.report.R
R,,    86 Rcreate.post.R
R,,   307 Rinstall.packages.R
R,,    99 RwinDialog.R
R,,   121 Rsysutils.R
R,,    90 Rdownload.file.R
R,,    21 RRconsole.R
R,,    45 Rchoose.files.R
R,,   155 Rdebugger.R
R,,   236 Rrtags.R
R,,   108 RbrowseVignettes.R
R,,   728 Rstr.R
R,,    34 Rfix.R
R,,   205 Rnews.R
R,,  1266 Raspell.R
R,,    87 Rstrcapture.R
R,,   103 Rcombn.R
R,,   455 Rprompt.R
R,,   269 Rdatabrowser.R
R,,   323 Rreadtable.R
R,,    23 testsconfint.R
R,,    21 RBIC.R
R,,   435 Rmle.R
R,,   116 Common.R
R,,    35 testssparse-tst.R
R,,   277 testsspline-tst.R
R,,   213 Rsplines.R
R,,    22 Rzzz.R
R,,   627 RsplineClasses.R
R,,    63 demohclColors.R
R,,   108 democolors.R
R,,    84 testsxfig-tests.R
R,,    34 testssaved-recordPlot.R
R,,    39 testsps-tests.R
R,,    47 testsconvertColor-tests.R
R,,    49 Rgevents.R
R,,   991 Rpostscript.R
R,,    57 Rutils.R
R,,     4 Rmask.R
R,,    77 Rsmooth2d.R
R,,    26 Rpictex.R
R,,   112 Rpatterns.R
R,,   398 Rdevice.R
R,,   264 Rxyz.coords.R
R,,   343 Rcolorstuff.R
R,,   134 Rcairo.R
R,,    20 Rcm.R
R,,   169 Rraster.R
R,,    77 RcolorRamp.R
R,,   184 Rquartz.R
R,,   113 Rdev2bitmap.R
R,,   197 Rpng.R
R,,   252 Rx11.R
R,,   119 Rrecordplot.R
R,,   152 Rcalc.R
R,,   265 RprettyDate.R
R,,   204 Rhcl.colors.R
R,,    58 Rzzz.R
R,,   377 RconvertColor.R
R,,   307 Rwindows.R
R,,   114 Rdev2bitmap.R
R,,   203 Rpng.R
R,,    22 Rclippath.R
R,,    34 RHershey.R
R,,   716 demoJapanese.R
R,,   197 demoplotmath.R
R,,    86 demopersp.R
R,,   145 demographics.R
R,,    37 demoimage.R
R,,   394 demoHershey.R
R,,   443 Rplot.R
R,,    35 Rlines.R
R,,   239 Rbarplot.R
R,,   210 Rhist.R
R,,   327 Rpolygon.R
R,,    77 Rpie.R
R,,   110 Raxis.R
R,,    24 Rbox.R
R,,    68 Rassocplot.R
R,,    28 Rtitle.R
R,,   141 Rcdplot.R
R,,    31 Rarrows.R
R,,    37 Rtext.R
R,,   208 Rstars.R
R,,   131 Rdotchart.R
R,,    77 Rsymbols.R
R,,    39 Rstrwidth.R
R,,   108 Rsunflowerplot.R
R,,   287 Rlegend.R
R,,   123 Rstripchart.R
R,,    48 Rgrid.R
R,,    24 Rmtext.R
R,,    66 Rpar.R
R,,   371 Rdatetime.R
R,,    44 Rraster.R
R,,    29 Rlocator.R
R,,   316 Rfourfoldplot.R
R,,    46 Rrect.R
R,,    95 Rlayout.R
R,,    88 RsmoothScatter.R
R,,    27 Rsegments.R
R,,   123 Rmatplot.R
R,,    67 Rcurve.R
R,,    38 Rrug.R
R,,   355 Rcoplot.R
R,,    78 Rpersp.R
R,,   124 Rplot.design.R
R,,    85 Rcontour.R
R,,    29 Rstem.R
R,,   174 Rpairs.R
R,,    58 Ridentify.R
R,,    32 Rzzz.R
R,,   195 Rspineplot.R
R,,   181 Rscreen.R
R,,    35 Rpoints.R
R,,   108 Rfilled.contour.R
R,,   413 Rmosaicplot.R
R,,    52 Rabline.R
R,,   349 Rboxplot.R
R,,    32 Runits.R
R,,   149 Rimage.R
R,,   152 testsassign.R
R,,    77 testssrcref.R
R,,    96 testscurexpr.R
R,,    90 testsenvir.R
R,,   121 testsvischk.R
R,,    16 testsjit.R
R,,    26 testsloop.R
R,,    98 testsswitch.R
R,,   104 testsbasics.R
R,,    65 testsconst.R
R,,  3453 Rcmp.R
R,,    50 demoscoping.R
R,,    33 demoerror.catching.R
R,,   143 demois.things.R
R,,    82 demorecursion.R
R,,   143 baseloader.R
R,,   130 makebasedb.R
R,,    19 Rplot.R
R,,    55 Rdebug.R
R,,    30 Rrange.R
R,,    53 Rautoload.R
R,,    24 Rmax.col.R
R,,   212 Rdcf.R
R,,    43 Rattr.R
R,,   124 Rstop.R
R,,    58 Rscale.R
R,,    35 Rdump.R
R,,    51 Rutils.R
R,,    21 Rquit.R
R,,    30 Rassign.R
R,,    56 Rifelse.R
R,,    76 Rmapply.R
R,,    39 Rpretty.R
R,,    82 Ras.R
R,,    42 Rmatch.fun.R
R,,    55 Rtime.R
R,,  1007 Rlibrary.R
R,,    32 RtoString.R
R,,    27 Rzapsmall.R
R,,    43 Rstructure.R
R,,    49 Rrle.R
R,,    24 Rreplace.R
R,,   129 Rocthex.R
R,,    32 Rdput.R
R,,    83 RmethodsSupport.R
R,,    50 Rformals.R
R,,   148 Rduplicated.R
R,,    39 Rsvd.R
R,,    34 Rconflicts.R
R,,    81 Rsolve.R
R,,   177 Rseq.R
R,,    67 Rexpand.grid.R
R,,   114 Rwarnings.R
R,,   412 Rversion.R
R,,   524 Rall.equal.R
R,,   231 Rattach.R
R,,    52 RTAOCP.R
R,,   298 Rsource.R
R,,   254 Rqr.R
R,,    29 Rutilities.R
R,,   212 RDefunct.R
R,,    73 Rparse.R
R,,    80 Rsapply.R
R,,    36 Rchol.R
R,,    37 Rlicense.R
R,,    72 Rcut.R
R,,    53 Rbindenv.R
R,,    32 Rzdatetime.R
R,,   613 Rgrep.R
R,,    65 Rinteraction.R
R,,   196 Rload.R
R,,    88 Rframetools.R
R,,    32 Runlist.R
R,,    23 Renvironment.R
R,,    55 Rzdynvars.R
R,,    22 Rwrite.R
R,,    21 Rrev.R
R,,    23 Rallnames.R
R,,    30 Roptions.R
R,,   202 Rcharacter.R
R,,    29 Rbitwise.R
R,,    77 Rkronecker.R
R,,    47 Ruserhooks.R
R,,   134 RRNG.R
R,,    23 Reapply.R
R,,  1773 Rnamespace.R
R,,    52 Rrank.R
R,,  1499 Rdatetime.R
R,,   186 Rmerge.R
R,,   178 RtaskCallback.R
R,,    85 Rmessage.R
R,,   148 Rmatrix.R
R,,    39 Rlapply.R
R,,    35 RScripts.R
R,,    81 Rmatch.R
R,,    56 Rmode.R
R,,    45 Rsink.R
R,,    92 Reval.R
R,,    45 Rsets.R
R,,   216 Rdynload.R
R,,    30 Ris.R
R,,    58 Rtapply.R
R,,    41 Rdiff.R
R,,   136 Rsystem.unix.R
R,,    23 RcallCC.R
R,,    20 Rbuiltins.R
R,,    23 Rtemp.R
R,,    36 Rbacksolve.R
R,,    32 Rconstants.R
R,,   261 Rsrcfile.R
R,,   152 Rfunprog.R
R,,   410 Rfactor.R
R,,   326 Rtable.R
R,,    79 Reigen.R
R,,    67 Rbackquote.R
R,,    33 Rgl.R
R,,    50 RDeprecated.R
R,,   131 Rprint.R
R,,   104 Rkappa.R
R,,    21 Rreplicate.R
R,,    48 Rsys.R
R,,   495 Rdates.R
R,,    29 RBessel.R
R,,    51 Rdata.matrix.R
R,,    45 Rraw.R
R,,    52 Rwhich.R
R,,   152 Rarray.R
R,,    33 Rpaste.R
R,,    42 Rmean.R
R,,    19 RwithVisible.R
R,,    29 Raperm.R
R,,    66 Rdiag.R
R,,   229 Rstrwrap.R
R,,   435 Rconditions.R
R,,   644 Rzzz.R
R,,   255 Rfiles.R
R,,    39 Rvector.R
R,,    35 Ridentical.R
R,,    93 Rserialize.R
R,,   452 Rformat.R
R,,    65 Router.R
R,,    81 Rtraceback.R
R,,    40 Rrowsum.R
R,,   104 Rpmax.R
R,,   313 Rsort.R
R,,   115 Rapply.R
R,,   220 Rsystem.R
R,,    43 Rjunctions.R
R,,    21 Rdelay.R
R,,    41 Rjitter.R
R,,    57 Rsweep.R
R,,    32 Rcat.R
R,,    22 Rpairlist.R
R,,    33 Rrm.R
R,,   346 Rconnections.R
R,,   128 Rlazyload.R
R,,    34 Rcontributors.R
R,,    37 Rlocales.R
R,,    54 Rscan.R
R,,    49 Rdet.R
R,,    30 RfindInt.R
R,,    30 Rtabulate.R
R,,    62 RLAPACK.R
R,,    87 Rsplit.R
R,,    19 Rxor.R
R,,    54 Rgetenv.R
R,,   111 RcolSums.R
R,,    26 Runname.R
R,,    28 Rrep.R
R,,    46 Rget.R
R,,  1737 Rdataframe.R
R,,   334 RNew-Internal.R
R,,   194 Rsummary.R
R,,    34 Rlabels.R
R,,    73 Rby.R
R,,    36 Rsample.R
R,,    27 Rnotyet.R
R,,    25 Rappend.R
R,,    39 demosmooth.R
R,,   144 demolm.glm.R
R,,   110 demonlm.R
R,,    24 demoglm.vr.R
R,,   116 testsks-test.R
R,,    10 testscmdscale.R
R,,    87 testssimulate.R
R,,   265 testsarimaML.R
R,,    30 testsdrop1-polr.R
R,,    27 testsoffsets.R
R,,   136 testsnafns.R
R,,    20 teststable-margins.R
R,,   106 testsnlm.R
R,,   151 teststs-tests.R
R,,   188 testssmooth.spline.R
R,,    82 testsglm.R
R,,    19 testsbandwidth.R
R,,   365 testsnls.R
R,,    19 testsglm-etc.R
R,,     6 testsppr.R
R,,    68 testsig_glm.R
R,,    12 testsNLSstClosest.R
R,,   189 Raddmargins.R
R,,    47 Rmahalanobis.R
R,,    82 Rdiffinv.R
R,,    88 Rcmdscale.R
R,,   170 Rstepfun.R
R,,    44 Rembed.R
R,,    63 Rpower.anova.test.R
R,,   168 Rpower.R
R,,   261 Rfisher.test.R
R,,   932 Rlm.R
R,,   135 Rbinom.test.R
R,,    95 Rbartlett.test.R
R,,    35 Rshapiro.test.R
R,,   133 Rprincomp.R
R,,    47 Rfft.R
R,,   283 Rnls-profile.R
R,,   114 Rbiplot.R
R,,   713 Raov.R
R,,   120 Rdist.R
R,,   205 Rcor.R
R,,    54 Rcpgram.R
R,,   119 Rxtabs.R
R,,    95 Rkruskal.test.R
R,,    82 Rmedpolish.R
R,,    78 Rintegrate.R
R,,   223 Rcor.test.R
R,,   100 Rspline.R
R,,   173 Rt.test.R
R,,    53 Rexpand.model.frame.R
R,,    68 Rmcnemar.test.R
R,,   200 RStructTS.R
R,,    20 Rpredict.R
R,,   191 Rnafns.R
R,,    50 Rna.ts.R
R,,    77 Rstats-defunct.R
R,,   258 Racf.R
R,,    19 Rprofile.R
R,,    79 Rvcov.R
R,,   186 Rcontr.poly.R
R,,    26 Rreorder.factor.R
R,,    63 Rqqnorm.R
R,,   177 Rcontrast.R
R,,   890 Radd.R
R,,    64 Rcancor.R
R,,   177 Rkmeans.R
R,,    55 Rbirthday.R
R,,   131 Rquantile.R
R,,   381 Rlm.influence.R
R,,   148 Rks.test.R
R,,   331 Rdistn.R
R,,    48 Rderiv.R
R,,   139 Rmanova.R
R,,   125 RTukeyHSD.R
R,,    45 Rweighted.mean.R
R,,    88 Rsmooth.R
R,,   348 Rfactanal.R
R,,   168 Rstl.R
R,,    40 Rrelevel.R
R,,   246 Raggregate.R
R,,   582 Rmlm.R
R,,    48 RKalman.R
R,,   149 Rpairwise.R
R,,    19 Rcomplete.cases.R
R,,   109 Rquade.test.R
R,,    69 Rhtest.R
R,,   139 RlogLik.R
R,,   169 Rnlm.R
R,,    29 Rtukeyline.R
R,,   111 Ridentify.hclust.R
R,,    99 Rts-tests.R
R,,   204 Rproj.R
R,,    39 Rprop.trend.test.R
R,,    87 Rinteraction.plot.R
R,,   263 Rreshape.R
R,,   110 Rvar.test.R
R,,   385 Rspectrum.R
R,,   486 Rwilcox.test.R
R,,    52 Rcutree.R
R,,    80 Rconfint.R
R,,    79 Roneway.test.R
R,,   149 Rrunmed.R
R,,   228 RselfStart.R
R,,    33 Rmad.R
R,,   163 Rpoisson.test.R
R,,    89 Roptim.R
R,,    34 Rqqplot.R
R,,    93 Rprincomp-add.R
R,,   191 Ranova.R
R,,    49 RC.R
R,,    21 Rsd.R
R,,   845 Rts.R
R,,   340 Rplot.lm.R
R,,    93 RAIC.R
R,,   344 Rarma0.R
R,,    96 Rfligner.test.R
R,,   425 Rftable.R
R,,   204 Rkernel.R
R,,   132 Risoreg.R
R,,   132 Rloglin.R
R,,    10 RPair.R
R,,    84 Recdf.R
R,,   649 Rfamily.R
R,,   422 RHoltWinters.R
R,,  1009 Rdendrogram.R
R,,    38 Rstats-deprecated.R
R,,   131 Rlag.plot.R
R,,    34 Rfivenum.R
R,,   890 Rglm.R
R,,    33 Rmedian.R
R,,   164 Rprop.test.R
R,,    78 RARMAtheory.R
R,,    37 Rzzz.R
R,,    91 Rmood.test.R
R,,   119 Rsymnum.R
R,,   928 Rnls.R
R,,   138 Rnlminb.R
R,,    91 RconstrOptim.R
R,,   166 Rprcomp.R
R,,   186 Rdensity.R
R,,   231 Rtermplot.R
R,,   513 Rmodel.tables.R
R,,   297 Rdummy.coef.R
R,,    71 Rpredict.glm.R
R,,   105 Rmonthplot.R
R,,    28 Rave.R
R,,   814 Rmodels.R
R,,   274 Rhclust.R
R,,   545 Rloess.R
R,,    31 Rlag.R
R,,   147 Rbandwidths.R
R,,   499 RzzModels.R
R,,    85 Rp.adjust.R
R,,   193 Rsplinefun.R
R,,   223 Rppr.R
R,,   658 Rar.R
R,,    54 Rupdate.R
R,,   152 Rchisq.test.R
R,,    30 Rr2dtable.R
R,,    99 Rfriedman.test.R
R,,    26 Rlowess.R
R,,   417 Rsmspline.R
R,,    56 Rcov.wt.R
R,,   501 Rarima.R
R,,    62 RnlsFunc.R
R,,   292 Rmantelhaen.test.R
R,,   315 Rlsfit.R
R,,   266 Ransari.test.R
R,,    35 Rksmooth.R
R,,    83 Rfilter.R
R,,    23 Rppoints.R
R,,   155 Rapprox.R
R,,   433 testsreg.R
R,,    72 testscoords.R
R,,   493 testspatterns.R
R,,    30 testsbugs.R
R,,   280 testsmasks.R
R,,   158 teststestls.R
R,,   368 testsclippaths.R
R,,   180 testsunits.R
R,,    74 Redit.R
R,,   449 Rdebug.R
R,,   331 Rcoords.R
R,,   133 Rsize.R
R,,    60 Rmask.R
R,,   110 Rjust.R
R,,    14 Rmetric.R
R,,    74 Rorigin.R
R,,  2280 Rgrob.R
R,,   242 Rpatterns.R
R,,   471 Rviewport.R
R,,   248 Rgrab.R
R,,   539 Rgrid.R
R,,   162 RroundRect.R
R,,   810 Runit.R
R,,   336 Rcomponents.R
R,,   164 Rlayout.R
R,,   535 Rcurve.R
R,,   419 Rhighlevel.R
R,,    34 Rinteractive.R
R,,   887 Rls.R
R,,    47 Rutil.R
R,,    68 Rzzz.R
R,,  1699 Rprimitives.R
R,,   285 Rgpar.R
R,,    51 Rclippath.R
R,,   103 Rfunction.R
R,,   472 Rframes.R
R,,    46 Rwindlgs.R
R,,     9 rwver.R
R,,   383 WiXins.R
R,,   165 JRins.R
R,,   109 metadata-scrape.R
R,,   179 app.R
R,,    10 2020-09-10-dispelling-r-and-python-myths-qandaURL-converter.R
R,,   125 categories.R
R,,     9 2020-09-04-3-fun-shiny-apps-for-your-long-labor-day-weekendURL-converter.R
R,,   161 xgboost-model.R
R,,    58 plumber.R
R,,   125 2021-04-15-an-alternative-to-the-correlation-coefficient-that-works-for-numeric-and-categorical-variablesx2y.R
R,,     1 2019-08-10-plumber-loggingrun-plumber.R
R,,    39 2019-08-10-plumber-loggingentrypoint.R
R,,    24 2019-08-10-plumber-loggingplumber.R
R,,     1 2018-11-20-blair-plumber-slack-part-two-filesentrypoint.R
R,,   276 2018-11-20-blair-plumber-slack-part-two-filesplumber.R
R,,    17 app.R
R,,   179 Chicago-Beach-Weather-Model-2.R
R,
R,
R,,     4 model.R
R,,    31 austin.R
R,,    66 plumber.R
R,,    21 python_rscript.R
R,,    43 _targets.R
R,,     1 main.R
R,,    13 libraries.R
R,,     3 meas_wide.R
R,,     6 define_strava_endpoint.R
R,,     6 pre_process_act.R
R,,    20 read_activity_stream.R
R,,     6 define_strava_app.R
R,,     7 define_strava_sig.R
R,,    28 read_all_activities.R
R,,    10 meas_pro.R
R,,     5 save_gg_meas.R
R,,    21 vis_meas.R
R,,    13 meas_norm.R
R,,    41 1-get-station-data.R
R,
R,
R,,    43 4-build-model.R
R,,    33 3-clean-analysis.R
R,,    59 2-bike-data-etl.R
R,,    71 plumber.R
R,,    27 plumber.R
R,,    10 2020-09-10-dispelling-r-and-python-myths-qandaURL-converter.R
R,,     9 2020-09-04-3-fun-shiny-apps-for-your-long-labor-day-weekendURL-converter.R
R,,    29 2021-01-01-flipbooksan_mtcars_flipbook.R
R,,    35 exampleSitecommon.R
R,,    17 staticmagick-script.R
R,,    74 posts-as-of-oct24.R
R,,   100 app.R
R,,    19 plumber.R
R,,     1 pythonINSTALLER
R,,     1 pythonINSTALLER
R,
R,
R,,     0 site-packagesINSTALLER
R,,     0 site-packagesINSTALLER
R,,     0 libINSTALLER
R,,     0 site-packagesINSTALLER
R,,     0 site-packagesINSTALLER
R,,     0 site-packagesINSTALLER
R,,     0 site-packagesINSTALLER
R,,     0 libINSTALLER
R,,     0 libINSTALLER
R,,     0 site-packagesINSTALLER
R,,     0 libINSTALLER
R,,     0 site-packagesINSTALLER
R,,     0 site-packagesINSTALLER
R,,     0 site-packagesINSTALLER
R,,     0 libINSTALLER
R,,     0 site-packagesINSTALLER
R,,     0 site-packagesINSTALLER
R,,     0 libINSTALLER
R,,     0 libINSTALLER
R,,     0 libINSTALLER
R,,     0 site-packagesINSTALLER
R,,     0 site-packagesINSTALLER
R,,     0 site-packagesINSTALLER
R,,     0 site-packagesINSTALLER
R,,     0 site-packagesINSTALLER
R,,     0 site-packagesINSTALLER
R,,     0 site-packagesINSTALLER
R,,     0 site-packagesINSTALLER
R,,     0 site-packagesINSTALLER
R,,     0 site-packagesINSTALLER
R,,     0 site-packagesINSTALLER
R,,     0 site-packagesINSTALLER
R,,     0 site-packagesINSTALLER
R,,     0 libINSTALLER
R,,   142 4.1stringr.R
R,,   152 4.1regular-expressions.R
R,,    51 4.1speed.R
R,,   138 4.1transformers.R
R,,    65 4.1json-aaquickstart.R
R,,   155 4.1pillar.R
R,,   625 4.1s3-vector.R
R,,   196 4.1type-size.R
R,,   171 4.1stability.R
R,,    34 4.1vectorised.R
R,,    56 4.1test_misc.R
R,,    27 4.1test_encoding.R
R,,   113 4.1test_new_matrix_behaviour.R
R,,   496 4.1test_sha1.R
R,,    20 4.1test_raw.R
R,,   122 4.1test_aes.R
R,,    68 4.1test_num2hex.R
R,,    16 4.1test_crc32.R
R,,    88 4.1test_hmac.R
R,,    63 4.1test_blake3.R
R,,   316 4.1test_digest.R
R,,    13 4.1test_digest2int.R
R,,    97 4.1sha1.R
R,,    77 4.1numbers.R
R,,    63 4.1digits.R
R,,   114 4.1types.R
R,,    87 4.1tibble.R
R,,   101 4.1formats.R
R,,   608 4.1invariants.R
R,,   261 4.1tradeoffs.R
R,,    75 4.1magrittr.R
R,,    37 4.1manage.R
R,,     8 4.1stages.R
R,,   197 4.1communicate.R
R,,    45 4.1app.R
R,,    46 4.1app.R
R,,    48 4.1app.R
R,,    60 4.1app.R
R,,    79 4.1outdated.R
R,,    65 4.1up.R
R,,   121 4.1news.R
R,,    85 4.1search.R
R,,    78 4.1outdated.R
R,,    65 4.1up.R
R,,   121 4.1news.R
R,,    85 4.1search.R
R,,   254 4.1numbers.R
R,,   149 4.1extending.R
R,,    18 4.1debugme.R
R,,   204 4.1printing.R
R,,     6 4.1windows.R
R,,   188 4.1intro.R
R,,    30 4.1winver.R
R,,   198 4.1error-codes.R
R,,   168 4.1rprojroot.R
R,,   183 4.1changing-and-restoring-state.R
R,,    79 4.1outdated.R
R,,    65 4.1up.R
R,,   121 4.1news.R
R,,    85 4.1search.R
R,,   115 4.1modification.R
R,,    42 4.1sgr-in-rmd.R
R,
R,
R,
R,,     1 python3.8INSTALLER
R,,     1 python3.8INSTALLER
R,,    25 .RSeed.R
R,,    36 .Master.R
R,,   340 .clusterApply.R
R,,   379 .snowSOCK.R
R,,    60 .pvec.R
R,,   116 .mcparallel.R
R,,    79 .mcmapply.R
R,,    89 .forkCluster.R
R,,   177 .mcfork.R
R,,   247 .mclapply.R
R,,    76 .worker.R
R,,   279 .snow.R
R,,   102 .RngStream.R
R,,    38 .zzz.R
R,,    73 .detectCores.R
R,,    20 .forkCluster.R
R,,    55 .mcdummies.R
R,,    51 .Rd2HTML.R
R,,    34 .QC.R
R,,     4 .undoc.R
R,,    21 .Rd.R
R,,     9 .S3.R
R,,   980 .Rd2HTML.R
R,,   815 .urltools.R
R,,  2461 .utils.R
R,,   159 .citation.R
R,,   250 .index.R
R,,   843 .testing.R
R,,   669 .Rd2latex.R
R,,  1200 .build.R
R,,   117 .assertCondition.R
R,,   265 .doitools.R
R,,  3037 .install.R
R,,   237 .parseRd.R
R,,  9685 .QC.R
R,,   709 .dynamicHelp.R
R,,  1093 .sotools.R
R,,   399 .toHTML.R
R,,   997 .Rd2txt.R
R,,   963 .Rd2pdf.R
R,,    76 .md5.R
R,,   908 .license.R
R,,   339 .xgettext.R
R,,   537 .packages.R
R,,   179 .Rd2ex.R
R,,    42 .tools-deprecated.R
R,,   240 .parseLatex.R
R,,   354 .makeLazyLoad.R
R,,   128 .logging.R
R,,   272 .encodings.R
R,,   352 .update_packages.R
R,,   133 .RdHelpers.R
R,,   775 .CRANtools.R
R,,  1397 .Vignettes.R
R,,   137 .Rprof.R
R,,  1216 .checktools.R
R,,   943 .Rd.R
R,,    71 .userdir.R
R,,  1030 .RdConv2.R
R,,   425 .bibstyle.R
R,,  6744 .check.R
R,,    55 .zzz.R
R,,   175 .Rdtools.R
R,,    17 .sysdata.R
R,,    62 .Sweavetools.R
R,,   147 .recode.R
R,,    81 .read.00Index.R
R,,  1152 .admin.R
R,,    68 .tools-defunct.R
R,,   865 .news.R
R,,   325 .translations.R
R,,   530 .basicRefClass.R
R,,    83 .testGroupGeneric.R
R,,    35 .duplicateClass.R
R,,    61 .testIs.R
R,,    38 .testConditionalIs.R
R,,    20 .nextWithDots.R
R,,    30 .fieldAssignments.R
R,,    18 .envRefClass.R
R,,    29 .S3.R
R,,    51 .refClassExample.R
R,,    18 .namesAndSlots.R
R,,    86 .mixinInitialize.R
R,,    75 .debug.R
R,,    74 .fixPrevious.R
R,,    64 .method.skeleton.R
R,,   412 .ClassExtensions.R
R,,   170 .NextMethod.R
R,,   452 .as.R
R,,    35 .substituteDirect.R
R,,    64 .Defunct.R
R,,    35 .methods-defunct.R
R,,  1396 .refClass.R
R,,    79 .ClassUnion.R
R,,   128 .cbind.R
R,,  1015 .SClasses.R
R,,   171 .show.R
R,,   970 .trace.R
R,,   307 .is.R
R,,   114 .languageEl.R
R,,    26 .methods-deprecated.R
R,,   158 .BasicFunsList.R
R,,   941 .MethodsList.R
R,,  1956 .RMethodUtils.R
R,,   114 .rbind.R
R,,   154 .zzz.R
R,,   147 .addedFunctions.R
R,,   649 .BasicClasses.R
R,,   281 .makeBasicFunsList.R
R,,   380 .promptClass.R
R,,  2499 .RClassUtils.R
R,,    96 .packageName.R
R,,  1705 .Methods.R
R,,   326 .oldClass.R
R,,  1655 .methodsTable.R
R,,   442 .MethodsListClass.R
R,,     4 .airmiles.R
R,,    12 .lynx.R
R,,    12 .UKgas.R
R,,     5 .sleep.R
R,,     7 .PlantGrowth.R
R,,    80 .Harman74.cor.R
R,,    28 .BJsales.R
R,,    44 .Loblolly.R
R,,    22 .longley.R
R,,     9 .presidents.R
R,,    67 .DNase.R
R,,    19 .UCBAdmissions.R
R,,     5 .BOD.R
R,,    15 .OrchardSprays.R
R,,    12 .HairEyeColor.R
R,,    51 .USJudgeRatings.R
R,,    16 .attitude.R
R,,    38 .LifeCycleSavings.R
R,,  3181 .sunspot.month.R
R,,    17 .Puromycin.R
R,,    26 .UKLungDeaths.R
R,,     4 .uspop.R
R,,    15 .occupationalStatus.R
R,,    80 .attenu.R
R,,   164 .Seatbelts.R
R,,     9 .trees.R
R,,    14 .austres.R
R,,    74 .beavers.R
R,,   155 .randu.R
R,,    45 .iris.R
R,,    32 .mtcars.R
R,,    13 .ToothGrowth.R
R,,    43 .iris3.R
R,,    12 .chickwts.R
R,,   291 .sunspot.year.R
R,,     9 .USAccDeaths.R
R,,  1864 .EuStockMarkets.R
R,,    20 .precip.R
R,,    11 .anscombe.R
R,,    61 .co2.R
R,,     9 .JohnsonJohnson.R
R,,    13 .Harman23.cor.R
R,,    14 .LakeHuron.R
R,,    32 .Indometh.R
R,,    10 .ability.cov.R
R,,    11 .rivers.R
R,,   352 .volcano.R
R,,     5 .VADeaths.R
R,,     8 .WWWusage.R
R,,     3 .Formaldehyde.R
R,,    72 .Theoph.R
R,,    16 .Titanic.R
R,,     9 .stackloss.R
R,,     6 .euro.R
R,,    34 .esoph.R
R,,     8 .WorldPhones.R
R,,    20 .UKDriverDeaths.R
R,,     4 .women.R
R,,   162 .ChickWeight.R
R,,    85 .infert.R
R,,   111 .state.R
R,,     9 .Nile.R
R,,    13 .AirPassengers.R
R,,     5 .lh.R
R,,    22 .eurodist.R
R,,     7 .nhtemp.R
R,,    71 .freeny.R
R,,     7 .cars.R
R,,     6 .USPersonalExpenditure.R
R,,    13 .islands.R
R,,     5 .pressure.R
R,,    24 .nottem.R
R,,  7983 .treering.R
R,,    10 .InsectSprays.R
R,,     6 .discoveries.R
R,,   250 .sunspots.R
R,,    41 .faithful.R
R,,    11 .warpbreaks.R
R,,    24 .Orange.R
R,,    89 .tkttest.R
R,,   104 .tkdensity.R
R,,   151 .tkcanvas.R
R,,    32 .tkfaq.R
R,,    51 .tcltk-defunct.R
R,,    40 .tclsearch.R
R,,   221 .utils.R
R,,   151 .tkGUI.R
R,,   631 .Tk.R
R,,    20 .zzzstub.R
R,,    87 .zzz.R
R,,    80 .tclarray.R
R,,    62 .zzz.R
R,,    25 .Tk-frontend.R
R,,    37 .completion.R
R,,    84 .Sweave-tst.R
R,,    98 .charclass.R
R,,   176 .download.file.R
R,,   278 .edit.R
R,,   189 .sourceutils.R
R,,   141 .linkhtml.R
R,,    44 .askYesNo.R
R,,   127 .progressBar.R
R,,    76 .modifyList.R
R,,    49 .page.R
R,,  1392 .completion.R
R,,   196 .packageStatus.R
R,,   193 .de.R
R,,   187 .head.R
R,,   156 .relist.R
R,,   811 .SweaveDrivers.R
R,,    19 .charClass.R
R,,   106 .example.R
R,,  1623 .citation.R
R,,   289 .help.R
R,,    64 .sock.R
R,,   179 .write.table.R
R,,   187 .question.R
R,,   632 .Sweave.R
R,,    99 .help.start.R
R,,   137 .vignette.R
R,,    21 .hasName.R
R,,    20 .alarm.R
R,,    74 .read.fortran.R
R,,    49 .capture.output.R
R,,   122 .demo.R
R,,    74 .object.size.R
R,,   579 .tar.R
R,,    18 .utils-deprecated.R
R,,    39 .glob2rx.R
R,,  1152 .packages.R
R,,   242 .data.R
R,,    81 .frametools.R
R,,   872 .help.search.R
R,,   140 .help.request.R
R,,   991 .packages2.R
R,,   625 .objects.R
R,,   292 .summRprof.R
R,,    94 .apropos.R
R,,   277 .read.DIF.R
R,,   235 .findLineNum.R
R,,    76 .widgets.R
R,,   154 .changedFiles.R
R,,   258 .sessionInfo.R
R,,   170 .RShowDoc.R
R,,    50 .history.R
R,,   137 .iconv.R
R,,   190 .mac.install.R
R,,   134 .create.post.R
R,,    29 .sysutils.R
R,,    89 .download.file.R
R,,    34 .Rprof.R
R,,   251 .indices.R
R,,   292 .package.skeleton.R
R,,    42 .utils-defunct.R
R,,    92 .read.fwf.R
R,,   100 .adist.R
R,,    27 .toLatex.R
R,,    50 .menu.R
R,,    67 .URLencode.R
R,,    24 .filetest.R
R,,   126 .zip.R
R,,    63 .mirrorAdmin.R
R,,    54 .zzz.R
R,,    93 .debugcall.R
R,,    56 .RSiteSearch.R
R,,    80 .format.R
R,,    48 .readhttp.R
R,,   148 .roman.R
R,,    64 .sysdata.R
R,,   124 .bug.report.R
R,,    86 .create.post.R
R,,   307 .install.packages.R
R,,    99 .winDialog.R
R,,   121 .sysutils.R
R,,    90 .download.file.R
R,,    21 .Rconsole.R
R,,    45 .choose.files.R
R,,   155 .debugger.R
R,,   236 .rtags.R
R,,   108 .browseVignettes.R
R,,   728 .str.R
R,,    34 .fix.R
R,,   205 .news.R
R,,  1266 .aspell.R
R,,    87 .strcapture.R
R,,   103 .combn.R
R,,   455 .prompt.R
R,,   269 .databrowser.R
R,,   323 .readtable.R
R,,    23 .confint.R
R,,    21 .BIC.R
R,,   435 .mle.R
R,,   116 .Common.R
R,,    35 .sparse-tst.R
R,,   277 .spline-tst.R
R,,   213 .splines.R
R,,    22 .zzz.R
R,,   627 .splineClasses.R
R,,    63 .hclColors.R
R,,   108 .colors.R
R,,    84 .xfig-tests.R
R,,    34 .saved-recordPlot.R
R,,    39 .ps-tests.R
R,,    47 .convertColor-tests.R
R,,    49 .gevents.R
R,,   991 .postscript.R
R,,    57 .utils.R
R,,     4 .mask.R
R,,    77 .smooth2d.R
R,,    26 .pictex.R
R,,   112 .patterns.R
R,,   398 .device.R
R,,   264 .xyz.coords.R
R,,   343 .colorstuff.R
R,,   134 .cairo.R
R,,    20 .cm.R
R,,   169 .raster.R
R,,    77 .colorRamp.R
R,,   184 .quartz.R
R,,   113 .dev2bitmap.R
R,,   197 .png.R
R,,   252 .x11.R
R,,   119 .recordplot.R
R,,   152 .calc.R
R,,   265 .prettyDate.R
R,,   204 .hcl.colors.R
R,,    58 .zzz.R
R,,   377 .convertColor.R
R,,   307 .windows.R
R,,   114 .dev2bitmap.R
R,,   203 .png.R
R,,    22 .clippath.R
R,,    34 .Hershey.R
R,,   716 .Japanese.R
R,,   197 .plotmath.R
R,,    86 .persp.R
R,,   145 .graphics.R
R,,    37 .image.R
R,,   394 .Hershey.R
R,,   443 .plot.R
R,,    35 .lines.R
R,,   239 .barplot.R
R,,   210 .hist.R
R,,   327 .polygon.R
R,,    77 .pie.R
R,,   110 .axis.R
R,,    24 .box.R
R,,    68 .assocplot.R
R,,    28 .title.R
R,,   141 .cdplot.R
R,,    31 .arrows.R
R,,    37 .text.R
R,,   208 .stars.R
R,,   131 .dotchart.R
R,,    77 .symbols.R
R,,    39 .strwidth.R
R,,   108 .sunflowerplot.R
R,,   287 .legend.R
R,,   123 .stripchart.R
R,,    48 .grid.R
R,,    24 .mtext.R
R,,    66 .par.R
R,,   371 .datetime.R
R,,    44 .raster.R
R,,    29 .locator.R
R,,   316 .fourfoldplot.R
R,,    46 .rect.R
R,,    95 .layout.R
R,,    88 .smoothScatter.R
R,,    27 .segments.R
R,,   123 .matplot.R
R,,    67 .curve.R
R,,    38 .rug.R
R,,   355 .coplot.R
R,,    78 .persp.R
R,,   124 .plot.design.R
R,,    85 .contour.R
R,,    29 .stem.R
R,,   174 .pairs.R
R,,    58 .identify.R
R,,    32 .zzz.R
R,,   195 .spineplot.R
R,,   181 .screen.R
R,,    35 .points.R
R,,   108 .filled.contour.R
R,,   413 .mosaicplot.R
R,,    52 .abline.R
R,,   349 .boxplot.R
R,,    32 .units.R
R,,   149 .image.R
R,,   152 .assign.R
R,,    77 .srcref.R
R,,    96 .curexpr.R
R,,    90 .envir.R
R,,   121 .vischk.R
R,,    16 .jit.R
R,,    26 .loop.R
R,,    98 .switch.R
R,,   104 .basics.R
R,,    65 .const.R
R,,  3453 .cmp.R
R,,    50 .scoping.R
R,,    33 .error.catching.R
R,,   143 .is.things.R
R,,    82 .recursion.R
R,,   143 .baseloader.R
R,,   130 .makebasedb.R
R,,    19 .plot.R
R,,    55 .debug.R
R,,    30 .range.R
R,,    53 .autoload.R
R,,    24 .max.col.R
R,,   212 .dcf.R
R,,    43 .attr.R
R,,   124 .stop.R
R,,    58 .scale.R
R,,    35 .dump.R
R,,    51 .utils.R
R,,    21 .quit.R
R,,    30 .assign.R
R,,    56 .ifelse.R
R,,    76 .mapply.R
R,,    39 .pretty.R
R,,    82 .as.R
R,,    42 .match.fun.R
R,,    55 .time.R
R,,  1007 .library.R
R,,    32 .toString.R
R,,    27 .zapsmall.R
R,,    43 .structure.R
R,,    49 .rle.R
R,,    24 .replace.R
R,,   129 .octhex.R
R,,    32 .dput.R
R,,    83 .methodsSupport.R
R,,    50 .formals.R
R,,   148 .duplicated.R
R,,    39 .svd.R
R,,    34 .conflicts.R
R,,    81 .solve.R
R,,   177 .seq.R
R,,    67 .expand.grid.R
R,,   114 .warnings.R
R,,   412 .version.R
R,,   524 .all.equal.R
R,,   231 .attach.R
R,,    52 .TAOCP.R
R,,   298 .source.R
R,,   254 .qr.R
R,,    29 .utilities.R
R,,   212 .Defunct.R
R,,    73 .parse.R
R,,    80 .sapply.R
R,,    36 .chol.R
R,,    37 .license.R
R,,    72 .cut.R
R,,    53 .bindenv.R
R,,    32 .zdatetime.R
R,,   613 .grep.R
R,,    65 .interaction.R
R,,   196 .load.R
R,,    88 .frametools.R
R,,    32 .unlist.R
R,,    23 .environment.R
R,,    55 .zdynvars.R
R,,    22 .write.R
R,,    21 .rev.R
R,,    23 .allnames.R
R,,    30 .options.R
R,,   202 .character.R
R,,    29 .bitwise.R
R,,    77 .kronecker.R
R,,    47 .userhooks.R
R,,   134 .RNG.R
R,,    23 .eapply.R
R,,  1773 .namespace.R
R,,    52 .rank.R
R,,  1499 .datetime.R
R,,   186 .merge.R
R,,   178 .taskCallback.R
R,,    85 .message.R
R,,   148 .matrix.R
R,,    39 .lapply.R
R,,    35 .Scripts.R
R,,    81 .match.R
R,,    56 .mode.R
R,,    45 .sink.R
R,,    92 .eval.R
R,,    45 .sets.R
R,,   216 .dynload.R
R,,    30 .is.R
R,,    58 .tapply.R
R,,    41 .diff.R
R,,   136 .system.unix.R
R,,    23 .callCC.R
R,,    20 .builtins.R
R,,    23 .temp.R
R,,    36 .backsolve.R
R,,    32 .constants.R
R,,   261 .srcfile.R
R,,   152 .funprog.R
R,,   410 .factor.R
R,,   326 .table.R
R,,    79 .eigen.R
R,,    67 .backquote.R
R,,    33 .gl.R
R,,    50 .Deprecated.R
R,,   131 .print.R
R,,   104 .kappa.R
R,,    21 .replicate.R
R,,    48 .sys.R
R,,   495 .dates.R
R,,    29 .Bessel.R
R,,    51 .data.matrix.R
R,,    45 .raw.R
R,,    52 .which.R
R,,   152 .array.R
R,,    33 .paste.R
R,,    42 .mean.R
R,,    19 .withVisible.R
R,,    29 .aperm.R
R,,    66 .diag.R
R,,   229 .strwrap.R
R,,   435 .conditions.R
R,,   644 .zzz.R
R,,   255 .files.R
R,,    39 .vector.R
R,,    35 .identical.R
R,,    93 .serialize.R
R,,   452 .format.R
R,,    65 .outer.R
R,,    81 .traceback.R
R,,    40 .rowsum.R
R,,   104 .pmax.R
R,,   313 .sort.R
R,,   115 .apply.R
R,,   220 .system.R
R,,    43 .junctions.R
R,,    21 .delay.R
R,,    41 .jitter.R
R,,    57 .sweep.R
R,,    32 .cat.R
R,,    22 .pairlist.R
R,,    33 .rm.R
R,,   346 .connections.R
R,,   128 .lazyload.R
R,,    34 .contributors.R
R,,    37 .locales.R
R,,    54 .scan.R
R,,    49 .det.R
R,,    30 .findInt.R
R,,    30 .tabulate.R
R,,    62 .LAPACK.R
R,,    87 .split.R
R,,    19 .xor.R
R,,    54 .getenv.R
R,,   111 .colSums.R
R,,    26 .unname.R
R,,    28 .rep.R
R,,    46 .get.R
R,,  1737 .dataframe.R
R,,   334 .New-Internal.R
R,,   194 .summary.R
R,,    34 .labels.R
R,,    73 .by.R
R,,    36 .sample.R
R,,    27 .notyet.R
R,,    25 .append.R
R,,    39 .smooth.R
R,,   144 .lm.glm.R
R,,   110 .nlm.R
R,,    24 .glm.vr.R
R,,   116 .ks-test.R
R,,    10 .cmdscale.R
R,,    87 .simulate.R
R,,   265 .arimaML.R
R,,    30 .drop1-polr.R
R,,    27 .offsets.R
R,,   136 .nafns.R
R,,    20 .table-margins.R
R,,   106 .nlm.R
R,,   151 .ts-tests.R
R,,   188 .smooth.spline.R
R,,    82 .glm.R
R,,    19 .bandwidth.R
R,,   365 .nls.R
R,,    19 .glm-etc.R
R,,     6 .ppr.R
R,,    68 .ig_glm.R
R,,    12 .NLSstClosest.R
R,,   189 .addmargins.R
R,,    47 .mahalanobis.R
R,,    82 .diffinv.R
R,,    88 .cmdscale.R
R,,   170 .stepfun.R
R,,    44 .embed.R
R,,    63 .power.anova.test.R
R,,   168 .power.R
R,,   261 .fisher.test.R
R,,   932 .lm.R
R,,   135 .binom.test.R
R,,    95 .bartlett.test.R
R,,    35 .shapiro.test.R
R,,   133 .princomp.R
R,,    47 .fft.R
R,,   283 .nls-profile.R
R,,   114 .biplot.R
R,,   713 .aov.R
R,,   120 .dist.R
R,,   205 .cor.R
R,,    54 .cpgram.R
R,,   119 .xtabs.R
R,,    95 .kruskal.test.R
R,,    82 .medpolish.R
R,,    78 .integrate.R
R,,   223 .cor.test.R
R,,   100 .spline.R
R,,   173 .t.test.R
R,,    53 .expand.model.frame.R
R,,    68 .mcnemar.test.R
R,,   200 .StructTS.R
R,,    20 .predict.R
R,,   191 .nafns.R
R,,    50 .na.ts.R
R,,    77 .stats-defunct.R
R,,   258 .acf.R
R,,    19 .profile.R
R,,    79 .vcov.R
R,,   186 .contr.poly.R
R,,    26 .reorder.factor.R
R,,    63 .qqnorm.R
R,,   177 .contrast.R
R,,   890 .add.R
R,,    64 .cancor.R
R,,   177 .kmeans.R
R,,    55 .birthday.R
R,,   131 .quantile.R
R,,   381 .lm.influence.R
R,,   148 .ks.test.R
R,,   331 .distn.R
R,,    48 .deriv.R
R,,   139 .manova.R
R,,   125 .TukeyHSD.R
R,,    45 .weighted.mean.R
R,,    88 .smooth.R
R,,   348 .factanal.R
R,,   168 .stl.R
R,,    40 .relevel.R
R,,   246 .aggregate.R
R,,   582 .mlm.R
R,,    48 .Kalman.R
R,,   149 .pairwise.R
R,,    19 .complete.cases.R
R,,   109 .quade.test.R
R,,    69 .htest.R
R,,   139 .logLik.R
R,,   169 .nlm.R
R,,    29 .tukeyline.R
R,,   111 .identify.hclust.R
R,,    99 .ts-tests.R
R,,   204 .proj.R
R,,    39 .prop.trend.test.R
R,,    87 .interaction.plot.R
R,,   263 .reshape.R
R,,   110 .var.test.R
R,,   385 .spectrum.R
R,,   486 .wilcox.test.R
R,,    52 .cutree.R
R,,    80 .confint.R
R,,    79 .oneway.test.R
R,,   149 .runmed.R
R,,   228 .selfStart.R
R,,    33 .mad.R
R,,   163 .poisson.test.R
R,,    89 .optim.R
R,,    34 .qqplot.R
R,,    93 .princomp-add.R
R,,   191 .anova.R
R,,    49 .C.R
R,,    21 .sd.R
R,,   845 .ts.R
R,,   340 .plot.lm.R
R,,    93 .AIC.R
R,,   344 .arma0.R
R,,    96 .fligner.test.R
R,,   425 .ftable.R
R,,   204 .kernel.R
R,,   132 .isoreg.R
R,,   132 .loglin.R
R,,    10 .Pair.R
R,,    84 .ecdf.R
R,,   649 .family.R
R,,   422 .HoltWinters.R
R,,  1009 .dendrogram.R
R,,    38 .stats-deprecated.R
R,,   131 .lag.plot.R
R,,    34 .fivenum.R
R,,   890 .glm.R
R,,    33 .median.R
R,,   164 .prop.test.R
R,,    78 .ARMAtheory.R
R,,    37 .zzz.R
R,,    91 .mood.test.R
R,,   119 .symnum.R
R,,   928 .nls.R
R,,   138 .nlminb.R
R,,    91 .constrOptim.R
R,,   166 .prcomp.R
R,,   186 .density.R
R,,   231 .termplot.R
R,,   513 .model.tables.R
R,,   297 .dummy.coef.R
R,,    71 .predict.glm.R
R,,   105 .monthplot.R
R,,    28 .ave.R
R,,   814 .models.R
R,,   274 .hclust.R
R,,   545 .loess.R
R,,    31 .lag.R
R,,   147 .bandwidths.R
R,,   499 .zzModels.R
R,,    85 .p.adjust.R
R,,   193 .splinefun.R
R,,   223 .ppr.R
R,,   658 .ar.R
R,,    54 .update.R
R,,   152 .chisq.test.R
R,,    30 .r2dtable.R
R,,    99 .friedman.test.R
R,,    26 .lowess.R
R,,   417 .smspline.R
R,,    56 .cov.wt.R
R,,   501 .arima.R
R,,    62 .nlsFunc.R
R,,   292 .mantelhaen.test.R
R,,   315 .lsfit.R
R,,   266 .ansari.test.R
R,,    35 .ksmooth.R
R,,    83 .filter.R
R,,    23 .ppoints.R
R,,   155 .approx.R
R,,   433 .reg.R
R,,    72 .coords.R
R,,   493 .patterns.R
R,,    30 .bugs.R
R,,   280 .masks.R
R,,   158 .testls.R
R,,   368 .clippaths.R
R,,   180 .units.R
R,,    74 .edit.R
R,,   449 .debug.R
R,,   331 .coords.R
R,,   133 .size.R
R,,    60 .mask.R
R,,   110 .just.R
R,,    14 .metric.R
R,,    74 .origin.R
R,,  2280 .grob.R
R,,   242 .patterns.R
R,,   471 .viewport.R
R,,   248 .grab.R
R,,   539 .grid.R
R,,   162 .roundRect.R
R,,   810 .unit.R
R,,   336 .components.R
R,,   164 .layout.R
R,,   535 .curve.R
R,,   419 .highlevel.R
R,,    34 .interactive.R
R,,   887 .ls.R
R,,    47 .util.R
R,,    68 .zzz.R
R,,  1699 .primitives.R
R,,   285 .gpar.R
R,,    51 .clippath.R
R,,   103 .function.R
R,,   472 .frames.R
R,,    46 .windlgs.R
R,,     9 .rwver.R
R,,   383 .WiXins.R
R,,   165 .JRins.R
C,,    41 .dexp.c
C,,    39 .dunif.c
C,,    39 .plnorm.c
C,,   177 .pnt.c
C,,    69 .qnt.c
C,,    86 .lgammacor.c
C,,    50 .pgeom.c
C,,    69 .pcauchy.c
C,,    42 .qexp.c
C,,    47 .dlnorm.c
C,,   329 .snorm.c
C,,   149 .qnorm.c
C,,    74 .dgamma.c
C,,    50 .rgeom.c
C,,   104 .dnt.c
C,,   389 .rhyper.c
C,,    63 .qnbeta.c
C,,   753 .pgamma.c
C,,   127 .phyper.c
C,,    42 .qnf.c
C,,   215 .rgamma.c
C,,    75 .dhyper.c
C,,   221 .gamma.c
C,,    49 .pnf.c
C,,    86 .qbinom.c
C,,    44 .pexp.c
C,,    38 .rlnorm.c
C,,    76 .qpois.c
C,,    44 .ftrunc.c
C,,    71 .qcauchy.c
C,,   586 .bessel_j.c
C,,    48 .test.c
C,,    67 .sunif.c
C,,    47 .qlogis.c
C,,    42 .dcauchy.c
C,,   110 .fprec.c
C,,    78 .dnf.c
C,,  2285 .toms708.c
C,,   281 .pnorm.c
C,,    62 .pf.c
C,,    83 .qnbinom_mu.c
C,,   206 .qt.c
C,,    29 .fmax2.c
C,,   244 .gamma_cody.c
C,,    31 .qchisq.c
C,,    41 .rnorm.c
C,,    43 .qgeom.c
C,,    83 .pt.c
C,,    87 .chebyshev.c
C,,   250 .signrank.c
C,,    86 .dbeta.c
C,,    41 .ppois.c
C,,    36 .rweibull.c
C,,    40 .rcauchy.c
C,,    34 .imin2.c
C,,   533 .bessel_i.c
C,,   155 .choose.c
C,,   409 .ptukey.c
C,,    40 .sign.c
C,,   243 .rpois.c
C,,    59 .d1mach.c
C,,    56 .qf.c
C,,   128 .lgamma.c
C,,   313 .qgamma.c
C,,   604 .qbeta.c
C,,   126 .dnbeta.c
C,,   100 .dnchisq.c
C,,   119 .qnchisq.c
C,,   121 .pnbeta.c
C,,    34 .rlogis.c
C,,   101 .rmultinom.c
C,,    45 .rf.c
C,,   205 .rbinom.c
C,,    38 .qlnorm.c
C,,    90 .dbinom.c
C,,    80 .lbeta.c
C,,    58 .plogis.c
C,,    93 .gammalims.c
C,,    39 .runif.c
C,,    48 .pbinom.c
C,,    38 .dlogis.c
C,,    94 .cospi.c
C,,    43 .rt.c
C,,    62 .rnbinom.c
C,,   134 .log1p.c
C,,    93 .beta.c
C,,    43 .punif.c
C,,    84 .qhyper.c
C,,    40 .fsign.c
C,,   105 .stirlerr.c
C,,    50 .dgeom.c
C,,   313 .pnchisq.c
C,,    87 .sexp.c
C,,    72 .df.c
C,,    31 .pchisq.c
C,,   329 .wilcox.c
C,,    87 .fround.c
C,,    29 .fmin2.c
C,,    31 .dchisq.c
C,,   549 .polygamma.c
C,,   135 .rbeta.c
C,,   120 .mlutils.c
C,,    72 .dpois.c
C,,    84 .pbeta.c
C,,    85 .pnbinom.c
C,,   518 .bessel_y.c
C,,    73 .rnchisq.c
C,,    42 .pweibull.c
C,,    40 .qweibull.c
C,,   111 .dnbinom.c
C,,    44 .qunif.c
C,,    34 .imax2.c
C,,    57 .i1mach.c
C,,    92 .qnbinom.c
C,,   190 .qtukey.c
C,,    83 .dt.c
C,,    47 .dweibull.c
C,,    93 .dnorm.c
C,,    78 .bd0.c
C,,    41 .rchisq.c
C,,    41 .rexp.c
C,,   561 .bessel_k.c
C,,   790 .optim.c
C,,  3567 .lbfgsb.c
C,,  2623 .uncmin.c
C,,   257 .pretty.c
C,,  2255 .integrate.c
C,,    98 .maxcol.c
C,,   207 .interv.c
C,,    99 .rngstream.c
C,,  1285 .fork.c
C,,    63 .init.c
C,,   230 .ncpus.c
C,,  2637 .gramLatex.c
C,,    76 .init.c
C,,    78 .Rmd5.c
C,,   163 .getfmts.c
C,,  4657 .gramRd.c
C,,   144 .pdscan.c
C,,   170 .install.c
C,,   305 .text.c
C,,    41 .http.c
C,,   392 .md5.c
C,,   186 .signals.c
C,,    65 .init.c
C,,    40 .slot.c
C,,    40 .utils.c
C,,    44 .tests.c
C,,    37 .class_support.c
C,,    48 .do_substitute_direct.c
C,,  1178 .methods_list_dispatch.c
C,,   783 .tcltk.c
C,,    71 .init.c
C,,    69 .tcltk_win.c
C,,   243 .tcltk_unix.c
C,,  1204 .io.c
C,,   329 .stubs.c
C,,   126 .init.c
C,,   172 .utils.c
C,,    65 .sock.c
C,,   169 .size.c
C,,   582 .util.c
C,,  1904 .dataentry.c
C,,   330 .dialogs.c
C,,   272 .registry.c
C,,   269 .widgets.c
C,,   264 .splines.c
C,,   166 .qdPDF.c
C,,   686 .winbitmap.c
C,,  9809 .devPS.c
C,,   443 .chull.c
C,,   206 .qdBitmap.c
C,,   112 .stubs.c
C,,  1662 .devQuartz.c
C,,   148 .init.c
C,,   782 .devPicTeX.c
C,,    39 .clippath.c
C,,   675 .cairoBM.c
C,,  1734 .cairoFns.c
C,,   211 .devices.c
C,,    39 .mask.c
C,,    38 .patterns.c
C,,    71 .axis_scales.c
C,,    94 .devCairo.c
C,,  3951 .devWindows.c
C,,  1589 .colors.c
C,,   209 .stem.c
C,,    91 .init.c
C,,  3448 .graphics.c
C,,   403 .base.c
C,,  4128 .plot.c
C,,  2034 .plot3d.c
C,,  1269 .par.c
C,,   369 .par-common.c
C,,   249 .nscor.c
C,,   489 .optim.c
C,,    49 .influence.c
C,,   385 .sbart.c
C,,    58 .PPsum.c
C,,   136 .chisqsim.c
C,,   307 .fourier.c
C,,   225 .complete_cases.c
C,,   994 .mAR.c
C,,    73 .isoreg.c
C,,   393 .loglin.c
C,,    81 .monoSpl.c
C,,  2189 .model.c
C,,    99 .HoltWinters.c
C,,    69 .massdist.c
C,,   113 .hclust-utils.c
C,,   155 .family.c
C,,   372 .nls.c
C,,   314 .init.c
C,,   171 .bandwidths.c
C,,   166 .line.c
C,,   436 .random.c
C,,  1125 .arima.c
C,,   320 .Srunmed.c
C,,   306 .lowess.c
C,,   214 .swilk.c
C,,   156 .filter.c
C,,   175 .approx.c
C,,   109 .ksmooth.c
C,,   156 .rcont.c
C,,   820 .cov.c
C,,   110 .kendall.c
C,,   120 .rWishart.c
C,,   111 .lm.c
C,,   157 .ansari.c
C,,   870 .fft.c
C,,   158 .integrate.c
C,,   445 .loessc.c
C,,    65 .d2x2xk.c
C,,   909 .optimize.c
C,,   292 .distance.c
C,,   521 .starma.c
C,,   613 .port.c
C,,   162 .kmeans.c
C,,    82 .burg.c
C,,   471 .distn.c
C,,   470 .splines.c
C,,   194 .zeroin.c
C,,   157 .prho.c
C,,   477 .pacf.c
C,,  1267 .deriv.c
C,,   312 .smooth.c
C,,   265 .ks.c
C,,    44 .dblcen.c
C,,   415 .Trunmed.c
C,,  2077 .fexact.c
C,,   659 .layout.c
C,,   289 .util.c
C,,   440 .state.c
C,,   110 .register.c
C,,   564 .gpar.c
C,,    38 .clippath.c
C,,   128 .just.c
C,,    36 .mask.c
C,,   416 .viewport.c
C,,  4207 .grid.c
C,,  2023 .unit.c
C,,   154 .matrix.c
C,,  1530 .rui.c
C,,   124 .opt.c
C,,   210 .dynload.c
C,,    79 .shext.c
C,,   172 .RSetReg.c
C,,   185 .Renviron.c
C,,    55 .rpwd.c
C,,   143 .rterm.c
C,,   503 .rcmdfn.c
C,,    59 .R.c
C,,    32 .graphappmain.c
C,,   123 .rtest.c
C,,    79 .rgui.c
C,,    27 .rcmd.c
C,,    92 .Rfe.c
C,,    57 .open.c
C,,  1210 .extra.c
C,,   198 .ttest.c
C,,  1253 .system.c
C,,   340 .sys-win32.c
C,,  1046 .run.c
C,,   158 .rt_complete.c
C,,   572 .pager.c
C,,   120 .rhome.c
C,,  2297 .console.c
C,,   866 .editor.c
C,,   980 .dos_wglob.c
C,,  5114 .malloc.c
C,,   929 .preferences.c
C,,    27 .uuidgen.c
C,,   453 .psignal.c
C,,   203 .wc_history.c
C,,  1651 .getline.c
C,,    18 .testgl.c
C,,   148 .embeddedR.c
C,,   234 .dynload.c
C,,   177 .X11.c
C,,   647 .system.c
C,,  1010 .sys-unix.c
C,,  1459 .sys-std.c
C,,   354 .Rscript.c
C,,    77 .Rembedded.c
C,,   286 .arith.c
C,,   419 .bitmaps.c
C,,   265 .strings.c
C,,   340 .cursors.c
C,,   174 .array.c
C,,   107 .clipboard.c
C,,  1395 .buttons.c
C,,   171 .init.c
C,,   511 .menus.c
C,,  1188 .image.c
C,,  1403 .stdimg.c
C,,   373 .drawtext.c
C,,   974 .controls.c
C,,  1417 .rgb.c
C,,   166 .printer.c
C,,   206 .fonts.c
C,,   694 .drawing.c
C,,    60 .tooltips.c
C,,   248 .gbuttons.c
C,,    80 .status.c
C,,   536 .context.c
C,,   149 .gmenus.c
C,,  1184 .events.c
C,,    13 .gif.c
C,,   167 .gimage.c
C,,   725 .windows.c
C,,   610 .objects.c
C,,   924 .dialogs.c
C,,  1049 .gdraw.c
C,,   128 .metafile.c
C,,    86 .blas00.c
C,,    92 .compat.c
C,,  7730 .trio.c
C,,  1252 .trionan.c
C,,  2348 .triostr.c
C,,  1797 .dcigettext.c
C,,    66 .gettext.c
C,,   133 .intl-compat.c
C,,   427 .printf.c
C,,    51 .hash-string.c
C,,   135 .explodename.c
C,,   188 .printf-args.c
C,,    56 .dcgettext.c
C,,   127 .textdomain.c
C,,    36 .intl-exports.c
C,,    69 .ngettext.c
C,,    62 .dngettext.c
C,,    61 .dgettext.c
C,,    57 .dcngettext.c
C,,   155 .plural-exp.c
C,,   590 .printf-parse.c
C,,  4677 .vasnprintf.c
C,,   340 .bindtextdom.c
C,,   684 .tsearch.c
C,,   219 .finddomain.c
C,,   130 .langprefs.c
C,,  1962 .plural.c
C,,    26 .osdep.c
C,,   481 .localcharset.c
C,,   923 .lock.c
C,,  1336 .loadmsgcat.c
C,,   399 .l10nflist.c
C,,  1509 .localename.c
C,,  1848 .win_iconv.c
C,,   155 .tre-mem.c
C,,   501 .tre-match-parallel.c
C,,  1773 .tre-parse.c
C,,   231 .tre-ast.c
C,,   386 .regexec.c
C,,   176 .regcomp.c
C,,   668 .tre-match-backtrack.c
C,,   843 .tre-match-approx.c
C,,   127 .tre-stack.c
C,,   366 .xmalloc.c
C,,  2327 .tre-compile.c
C,,    83 .regerror.c
C,,  1963 .localtime.c
C,,   418 .registryTZ.c
C,,   510 .strftime.c
C,,   224 .xdr_stdio.c
C,,   604 .xdr.c
C,,   230 .xdr_mem.c
C,,    86 .xdr_float.c
C,,  1439 .names.c
C,,  1920 .radixsort.c
C,,   555 .match.c
C,,  3066 .coerce.c
C,,   494 .alloca.c
C,,  8401 .eval.c
C,,   595 .duplicate.c
C,,  2507 .saveload.c
C,,   136 .list.c
C,,  2287 .subassign.c
C,,   714 .g_cntrlify.c
C,,    66 .gram-ex.c
C,,  4637 .memory.c
C,,   266 .iosupport.c
C,,    44 .strncasecmp.c
C,,  2995 .util.c
C,,  1214 .print.c
C,,  1044 .subscript.c
C,,  2310 .array.c
C,,   496 .logic.c
C,,   750 .paste.c
C,,   462 .raw.c
C,,   364 .Renviron.c
C,,   507 .printvector.c
C,,  2180 .unique.c
C,,  6328 .gram.c
C,,   236 .cum.c
C,,   372 .identical.c
C,,  1700 .bind.c
C,,  3255 .serialize.c
C,,   729 .format.c
C,,   309 .inspect.c
C,,  1606 .sort.c
C,,   132 .graphics.c
C,,   980 .g_alab_her.c
C,,   263 .CommandLineArgs.c
C,,   311 .machar.c
C,,   403 .apply.c
C,,  1091 .altrep.c
C,,  6687 .connections.c
C,,  1051 .printutils.c
C,,  2325 .arithmetic.c
C,,   186 .mkdtemp.c
C,,   915 .agrep.c
C,,  1053 .scan.c
C,,  2748 .dotcode.c
C,,   553 .random.c
C,,    66 .lapack.c
C,,  1534 .complex.c
C,,    77 .split.c
C,,  1884 .deparse.c
C,,  3449 .platform.c
C,,   493 .sprintf.c
C,,   163 .qsort.c
C,,  1321 .summary.c
C,,   213 .edit.c
C,,   265 .plot.c
C,,   274 .debug.c
C,,  1359 .g_fontdb.c
C,,   325 .gevents.c
C,,    42 .strdup.c
C,,   358 .dcf.c
C,,  3772 .engine.c
C,,   546 .devices.c
C,,  1786 .main.c
C,,   124 .mapply.c
C,,   544 .xspline.c
C,,    67 .split-incl.c
C,,  1104 .builtin.c
C,,  1176 .seq.c
C,,   372 .internet.c
C,,   150 .version.c
C,,   229 .patterns.c
C,,  1952 .attrib.c
C,,   314 .source.c
C,,   956 .context.c
C,,  1499 .Rdynload.c
C,,  3237 .plotmath.c
C,,  2227 .dounzip.c
C,,   290 .plot3d.c
C,,    26 .inlined.c
C,,    97 .registration.c
C,,   171 .times.c
C,,  4414 .envir.c
C,,  3294 .grep.c
C,,    37 .Rmain.c
C,,  2043 .altclasses.c
C,,   440 .rlocale.c
C,,  1815 .objects.c
C,,   753 .relop.c
C,,   849 .options.c
C,,  1864 .character.c
C,,  2184 .sysutils.c
C,,   169 .qsort-body.c
C,,    85 .colors.c
C,,   761 .localecharset.c
C,,   286 .startup.c
C,,   885 .RNG.c
C,,  1383 .subset.c
C,,  2570 .errors.c
C,,   507 .printarray.c
C,,   629 .g_her_glyph.c
C,,   151 .dstruct.c
C,,  1304 .datetime.c
C,,  1418 .Lapack.c
C,,    40 .init_win.c
C,,    27 .vecLibg95c.c
C,,  1547 .nanohttp.c
C,,  1011 .libcurl.c
C,,   280 .sockconn.c
C,,  1467 .nanoftp.c
C,,  1366 .Rhttpd.c
C,,   446 .sock.c
C,,  1158 .internet.c
C,,   687 .Rsock.c
C,,   739 .rbitmap.c
C,,  2617 .dataentry.c
C,,  3510 .devX11.c
C,,  2495 .rotated.c
Fortran,,    78 .dpofa.f
Fortran,,   275 .dqrsl.f
Fortran,,    83 .dpbsl.f
Fortran,,   234 .dchdc.f
Fortran,,   195 .dpoco.f
Fortran,,   509 .dsvdc.f
Fortran,,   122 .dpodi.f
Fortran,,   161 .dtrco.f
Fortran,,   119 .dqrls.f
Fortran,,   200 .dqrdc2.f
Fortran,,   156 .dtrsl.f
Fortran,,   208 .dqrdc.f
Fortran,,    72 .dposl.f
Fortran,,    66 .dqrutl.f
Fortran,,   100 .dpbfa.f
Fortran,,   185 .bvalue.f
Fortran,,    66 .stxwx.f
Fortran,,    13 .bvalus.f
Fortran,,   143 .sslvrg.f
Fortran,,    68 .qsbart.f
Fortran,, 12730 .portsrc.f
Fortran,,   615 .stl.f
Fortran,,    98 .sinerp.f
Fortran,,   116 .lminfl.f
Fortran,,   141 .sgram.f
Fortran,,   446 .kmns.f
Fortran,,  1495 .ppr.f
Fortran,,   332 .hclust.f
Fortran,,   228 .bsplvd.f
Fortran,,    70 .eureka.f
Fortran,,  2063 .loessf.f
Fortran,,  8359 .cmplxblas.f
Fortran,,  7131 .blas.f
Fortran,,   108 .xxxpr.f
Fortran,,   189 .dlamch.f
Fortran,, 56056 .cmplx.f
Fortran,,    39 .vecLibg95f.f
Fortran,,166085 .dlapack.f
